0,DB00007
1,DB00010
2,DB00014
3,DB00017
4,DB00035
5,DB00067
6,DB00091
7,DB00104
8,DB00114
9,DB00115
10,DB00122
11,DB00125
12,DB00126
13,DB00131
14,DB00136
15,DB00140
16,DB00153
17,DB00160
18,DB00162
19,DB00163
20,DB00165
21,DB00167
22,DB00169
23,DB00175
24,DB00176
25,DB00177
26,DB00178
27,DB00179
28,DB00180
29,DB00181
30,DB00182
31,DB00186
32,DB00187
33,DB00188
34,DB00190
35,DB00191
36,DB00193
37,DB00195
38,DB00199
39,DB00201
40,DB00203
41,DB00204
42,DB00206
43,DB00208
44,DB00210
45,DB00211
46,DB00213
47,DB00214
48,DB00215
49,DB00216
50,DB00218
51,DB00221
52,DB00222
53,DB00226
54,DB00227
55,DB00230
56,DB00232
57,DB00240
58,DB00241
59,DB00242
60,DB00244
61,DB00245
62,DB00246
63,DB00248
64,DB00252
65,DB00255
66,DB00257
67,DB00262
68,DB00264
69,DB00268
70,DB00270
71,DB00273
72,DB00275
73,DB00277
74,DB00278
75,DB00279
76,DB00280
77,DB00281
78,DB00282
79,DB00284
80,DB00285
81,DB00286
82,DB00287
83,DB00289
84,DB00290
85,DB00295
86,DB00297
87,DB00302
88,DB00304
89,DB00305
90,DB00307
91,DB00308
92,DB00310
93,DB00313
93,DB00313
94,DB00315
95,DB00316
96,DB00318
97,DB00320
98,DB00321
99,DB00323
100,DB00324
101,DB00325
102,DB00327
103,DB00328
104,DB00331
105,DB00332
106,DB00333
107,DB00334
108,DB00335
109,DB00337
110,DB00338
111,DB00342
112,DB00343
113,DB00346
114,DB00350
115,DB00351
116,DB00352
117,DB00353
118,DB00354
119,DB00356
120,DB00357
121,DB00361
122,DB00363
123,DB00364
124,DB00366
125,DB00367
126,DB00368
127,DB00371
128,DB00373
129,DB00374
130,DB00376
131,DB00379
132,DB00380
133,DB00381
134,DB00382
135,DB00384
136,DB00385
137,DB00387
138,DB00388
139,DB00390
140,DB00393
141,DB00394
142,DB00396
143,DB00397
144,DB00398
145,DB00399
146,DB00401
147,DB00404
148,DB00407
149,DB00408
150,DB00412
151,DB00413
152,DB00414
153,DB00419
154,DB00421
155,DB00422
156,DB00424
157,DB00428
158,DB00433
159,DB00434
160,DB00436
161,DB00437
162,DB00440
163,DB00441
164,DB00443
165,DB00444
166,DB00445
167,DB00448
168,DB00449
169,DB00451
170,DB00454
171,DB00457
172,DB00458
173,DB00461
174,DB00464
175,DB00465
176,DB00468
177,DB00470
178,DB00471
179,DB00472
180,DB00475
181,DB00476
182,DB00477
183,DB00480
184,DB00481
185,DB00482
186,DB00484
187,DB00489
188,DB00490
189,DB00491
190,DB00492
191,DB00494
192,DB00497
193,DB00499
194,DB00500
195,DB00501
196,DB00502
197,DB00508
198,DB00514
199,DB00515
200,DB00519
201,DB00521
202,DB00523
203,DB00524
204,DB00527
205,DB00530
206,DB00532
207,DB00533
208,DB00535
209,DB00536
210,DB00537
211,DB00540
212,DB00541
213,DB00542
214,DB00544
215,DB00545
216,DB00547
217,DB00548
218,DB00549
219,DB00550
220,DB00552
221,DB00554
222,DB00555
223,DB00557
224,DB00559
225,DB00563
226,DB00564
227,DB00569
228,DB00570
229,DB00571
230,DB00572
231,DB00573
232,DB00575
233,DB00580
234,DB00583
235,DB00584
236,DB00585
237,DB00586
238,DB00588
239,DB00590
240,DB00591
241,DB00593
242,DB00594
243,DB00596
244,DB00598
245,DB00603
246,DB00604
247,DB00605
248,DB00608
249,DB00611
250,DB00612
251,DB00619
252,DB00620
253,DB00622
254,DB00623
255,DB00624
256,DB00627
257,DB00630
258,DB00631
259,DB00635
260,DB00636
261,DB00637
262,DB00640
263,DB00641
264,DB00642
265,DB00644
266,DB00647
267,DB00650
268,DB00651
269,DB00652
270,DB00653
271,DB00654
272,DB00655
273,DB00657
274,DB00659
275,DB00661
276,DB00668
277,DB00669
278,DB00672
279,DB00674
280,DB00675
281,DB00678
282,DB00679
283,DB00682
284,DB00686
285,DB00687
286,DB00691
287,DB00692
288,DB00694
289,DB00695
290,DB00696
291,DB00697
292,DB00704
293,DB00706
294,DB00707
295,DB00710
296,DB00712
297,DB00714
298,DB00715
299,DB00716
300,DB00717
301,DB00721
302,DB00722
303,DB00724
304,DB00727
305,DB00731
306,DB00733
307,DB00734
308,DB00736
309,DB00741
310,DB00744
311,DB00745
312,DB00747
313,DB00749
314,DB00750
315,DB00754
316,DB00755
317,DB00757
318,DB00758
319,DB00759
320,DB00762
321,DB00763
322,DB00764
323,DB00765
324,DB00767
325,DB00771
326,DB00773
327,DB00775
328,DB00776
329,DB00783
330,DB00787
331,DB00788
332,DB00790
333,DB00794
334,DB00795
335,DB00800
336,DB00804
337,DB00806
338,DB00808
339,DB00810
340,DB00813
341,DB00814
342,DB00816
343,DB00819
344,DB00820
345,DB00822
346,DB00829
347,DB00831
348,DB00839
349,DB00843
350,DB00844
351,DB00846
352,DB00848
353,DB00851
354,DB00852
355,DB00853
356,DB00860
357,DB00861
358,DB00863
359,DB00864
360,DB00865
361,DB00868
362,DB00869
363,DB00871
364,DB00876
365,DB00880
366,DB00881
367,DB00882
368,DB00883
369,DB00884
370,DB00887
371,DB00889
372,DB00898
373,DB00899
374,DB00901
375,DB00903
376,DB00904
377,DB00905
378,DB00906
379,DB00907
380,DB00908
381,DB00909
382,DB00912
383,DB00915
384,DB00917
385,DB00918
386,DB00921
387,DB00924
388,DB00925
389,DB00927
390,DB00928
391,DB00929
392,DB00933
393,DB00936
394,DB00937
395,DB00938
396,DB00939
397,DB00945
398,DB00947
399,DB00949
400,DB00952
401,DB00953
402,DB00956
403,DB00957
404,DB00958
405,DB00959
406,DB00960
407,DB00963
408,DB00966
409,DB00968
410,DB00969
411,DB00975
412,DB00977
413,DB00982
414,DB00983
415,DB00987
416,DB00988
417,DB00989
418,DB00990
419,DB00991
420,DB00992
421,DB00993
422,DB00995
423,DB00996
424,DB00997
425,DB00998
426,DB00999
427,DB01001
428,DB01002
429,DB01003
430,DB01005
431,DB01006
432,DB01008
433,DB01009
434,DB01014
435,DB01016
436,DB01017
437,DB01018
438,DB01019
439,DB01020
440,DB01023
441,DB01029
442,DB01030
443,DB01033
444,DB01035
445,DB01039
446,DB01041
447,DB01042
448,DB01043
449,DB01045
450,DB01050
451,DB01058
452,DB01062
453,DB01063
454,DB01064
455,DB01067
456,DB01068
457,DB01069
458,DB01070
459,DB01072
460,DB01073
461,DB01075
462,DB01076
463,DB01080
464,DB01083
465,DB01085
466,DB01086
467,DB01088
468,DB01095
469,DB01098
470,DB01099
471,DB01101
472,DB01104
473,DB01105
474,DB01109
475,DB01110
476,DB01113
477,DB01115
478,DB01118
479,DB01120
480,DB01122
481,DB01124
482,DB01125
483,DB01128
484,DB01129
485,DB01132
486,DB01133
487,DB01136
488,DB01137
489,DB01142
490,DB01143
491,DB01148
492,DB01151
493,DB01156
494,DB01157
495,DB01161
496,DB01162
497,DB01165
498,DB01167
499,DB01169
500,DB01170
501,DB01173
502,DB01174
503,DB01175
504,DB01176
505,DB01177
506,DB01181
507,DB01182
508,DB01185
509,DB01186
510,DB01188
511,DB01189
512,DB01192
513,DB01193
514,DB01194
515,DB01195
516,DB01196
517,DB01197
518,DB01200
519,DB01202
520,DB01203
521,DB01204
522,DB01210
523,DB01214
524,DB01216
525,DB01217
526,DB01219
527,DB01221
528,DB01222
529,DB01223
530,DB01224
531,DB01225
532,DB01228
533,DB01229
534,DB01231
535,DB01232
536,DB01233
537,DB01234
538,DB01235
539,DB01238
540,DB01240
541,DB01241
542,DB01242
543,DB01244
544,DB01248
545,DB01254
546,DB01255
547,DB01259
548,DB01260
549,DB01261
550,DB01262
551,DB01267
552,DB01268
553,DB01275
554,DB01291
555,DB01294
556,DB01296
557,DB01320
558,DB01327
559,DB01351
560,DB01356
561,DB01359
562,DB01364
563,DB01367
564,DB01394
565,DB01395
566,DB01399
567,DB01400
568,DB01403
569,DB01406
570,DB01410
571,DB01427
572,DB01551
573,DB01576
574,DB01577
575,DB01579
576,DB01590
577,DB01623
578,DB01677
579,DB02546
580,DB03796
581,DB03904
582,DB04272
583,DB04844
584,DB04861
585,DB05259
586,DB06285
587,DB06287
588,DB09026
589,DB11750
590,DB13919
591,DB14513
