1.0,0.06530069559812546
1.0,0.42361050844192505
1.0,0.0915779173374176
1.0,0.07537765055894852
1.0,0.00043295801151543856
1.0,5.170194526726846e-06
1.0,0.001466945861466229
1.0,0.5024482607841492
1.0,0.03528517484664917
1.0,0.007819990627467632
1.0,0.1672063171863556
1.0,0.005898490082472563
1.0,0.00044026115210726857
1.0,0.04790544509887695
1.0,0.01348083931952715
1.0,0.7925168871879578
1.0,0.08011260628700256
1.0,0.0009608937543816864
1.0,0.8667361736297607
1.0,0.3312864303588867
1.0,0.5739567279815674
1.0,0.16198861598968506
1.0,0.021008044481277466
1.0,0.7520997524261475
1.0,0.009490244090557098
1.0,0.6233636736869812
1.0,0.008152973838150501
1.0,0.07396131753921509
1.0,0.41117507219314575
1.0,1.2540288480522577e-05
1.0,0.3162689805030823
1.0,0.20311839878559113
1.0,0.0757281631231308
1.0,0.033901289105415344
1.0,0.10213513672351837
1.0,0.1040637418627739
1.0,0.7894091606140137
1.0,0.005476824939250946
1.0,0.26882821321487427
1.0,0.7254036068916321
1.0,0.8304218053817749
1.0,0.132629856467247
1.0,0.9605956673622131
1.0,0.3366788923740387
1.0,0.9332602620124817
1.0,0.5110681653022766
1.0,0.7613387107849121
1.0,0.4518333971500397
1.0,0.840461015701294
1.0,0.000630522205028683
1.0,0.23391605913639069
1.0,0.12981194257736206
1.0,0.021610725671052933
1.0,0.0900116041302681
1.0,0.6065328121185303
1.0,0.0016456798184663057
1.0,0.8835983276367188
1.0,0.477623850107193
1.0,0.004285167437046766
1.0,0.008164800703525543
1.0,0.9675305485725403
1.0,0.6318419575691223
1.0,0.2249111384153366
1.0,0.8992114663124084
1.0,0.001085435040295124
1.0,0.44644278287887573
1.0,0.6743861436843872
1.0,0.04792005196213722
1.0,0.580173909664154
1.0,0.0002709088730625808
1.0,0.010623672977089882
1.0,0.3510916829109192
1.0,0.019973382353782654
1.0,0.011249635368585587
1.0,0.9981164932250977
1.0,0.041233740746974945
1.0,0.5125268697738647
1.0,0.03406093269586563
1.0,0.022488843649625778
1.0,0.42674463987350464
1.0,0.027795016765594482
1.0,0.0002934304648078978
1.0,0.016463950276374817
1.0,9.670940714912035e-10
1.0,0.38540929555892944
1.0,0.8149292469024658
1.0,0.1866970807313919
1.0,0.5119561553001404
1.0,0.08453281968832016
1.0,0.023041443899273872
1.0,0.8607597947120667
1.0,0.3225136995315552
1.0,0.09141293168067932
1.0,0.08385958522558212
1.0,0.04866780713200569
1.0,0.07076574862003326
1.0,0.043401360511779785
1.0,0.04860993102192879
1.0,0.06278124451637268
1.0,0.001362403854727745
1.0,0.4496750831604004
1.0,0.9520168304443359
1.0,0.00045858038356527686
1.0,0.0021402877755463123
1.0,0.00430243881419301
1.0,0.21338312327861786
1.0,0.35827311873435974
1.0,0.5805670022964478
1.0,2.692320049391128e-05
1.0,0.6528133749961853
1.0,0.473064661026001
1.0,0.6273085474967957
1.0,0.0020820077043026686
1.0,0.12230710685253143
1.0,0.7537627220153809
1.0,0.13778093457221985
1.0,0.5747240781784058
1.0,0.3411228060722351
1.0,0.3518635928630829
1.0,0.36471638083457947
1.0,0.0009699973161332309
1.0,0.2292214184999466
1.0,0.126853346824646
1.0,0.0004882186185568571
1.0,0.23587557673454285
1.0,0.0016464029904454947
1.0,0.9477187991142273
1.0,0.024288348853588104
1.0,0.06693965196609497
1.0,0.09894679486751556
1.0,0.0031252349726855755
1.0,0.40857720375061035
1.0,0.7335702776908875
1.0,0.516651451587677
1.0,0.0022894726134836674
1.0,0.153051495552063
1.0,0.837343692779541
1.0,0.6782136559486389
1.0,0.5949653387069702
1.0,4.398981400299817e-05
1.0,0.026678482070565224
1.0,0.4057443141937256
1.0,0.04607079178094864
1.0,0.0021007233299314976
1.0,0.1826511025428772
1.0,0.1302870512008667
1.0,0.9130295515060425
1.0,0.0020021162927150726
1.0,0.7410439848899841
1.0,0.2687135636806488
1.0,0.06807351857423782
1.0,0.22455726563930511
1.0,0.07863524556159973
1.0,0.6685508489608765
1.0,0.03994215652346611
1.0,0.5891655683517456
1.0,0.08655676245689392
1.0,0.12977853417396545
1.0,0.2615394592285156
1.0,0.47225260734558105
1.0,0.33530542254447937
1.0,0.30527228116989136
1.0,0.8362360000610352
1.0,0.22838464379310608
1.0,0.13723307847976685
1.0,0.3584108352661133
1.0,0.1726219207048416
1.0,0.06411511451005936
1.0,0.015338363125920296
1.0,0.3311381936073303
1.0,0.08925167471170425
1.0,0.14890332520008087
1.0,0.49462905526161194
1.0,0.5001006722450256
1.0,0.17186865210533142
1.0,1.1083364370279014e-05
1.0,0.05212787166237831
1.0,2.761330506473314e-06
1.0,0.05252683535218239
1.0,0.04252469539642334
1.0,0.684644341468811
1.0,0.01194274052977562
1.0,0.8608472943305969
1.0,0.0893181562423706
1.0,0.025434499606490135
1.0,0.6901870965957642
1.0,0.5414021015167236
1.0,0.389918714761734
1.0,0.01154184527695179
1.0,0.04967542365193367
1.0,0.15837940573692322
1.0,0.9511975049972534
1.0,0.24726946651935577
1.0,0.06719668954610825
1.0,0.1550048291683197
1.0,0.325582355260849
1.0,0.3739474415779114
1.0,0.47675612568855286
1.0,0.962280809879303
1.0,0.2998771071434021
1.0,0.24009032547473907
1.0,0.5356297492980957
1.0,0.5932887196540833
1.0,0.9577861428260803
1.0,0.11693870276212692
1.0,0.19458919763565063
1.0,0.771293044090271
1.0,0.8962209224700928
1.0,0.30877771973609924
1.0,0.13552545011043549
1.0,0.06998854130506516
1.0,0.9617305397987366
1.0,2.217361907241866e-05
1.0,0.4906896948814392
1.0,0.09585678577423096
1.0,0.0016671259654685855
1.0,0.03216361999511719
1.0,0.08238549530506134
1.0,0.05044041946530342
1.0,0.00831695832312107
1.0,0.3336447775363922
1.0,0.05517265945672989
1.0,0.042894039303064346
1.0,0.06272632628679276
1.0,0.4116479754447937
1.0,0.20021232962608337
1.0,0.05553777143359184
1.0,0.740497887134552
1.0,0.11187952011823654
1.0,0.9505230188369751
1.0,0.41672369837760925
1.0,0.018784774467349052
1.0,0.1749437153339386
1.0,0.28662556409835815
1.0,0.41584765911102295
1.0,0.1281188726425171
1.0,0.7928988933563232
1.0,0.06283748894929886
1.0,0.6871009469032288
1.0,0.21881753206253052
1.0,0.5179569125175476
1.0,0.012244262732565403
1.0,0.024241700768470764
1.0,0.010386461392045021
1.0,0.4920668601989746
1.0,0.5323333144187927
1.0,0.22752222418785095
1.0,0.805678129196167
1.0,0.0005476215155795217
1.0,0.007098847534507513
1.0,0.038720421493053436
1.0,0.05429346486926079
1.0,0.825791597366333
1.0,0.04230951890349388
1.0,0.0455525740981102
1.0,0.6861550807952881
1.0,0.3143337666988373
1.0,0.7891727685928345
1.0,0.9665082097053528
1.0,0.14339664578437805
1.0,0.3503183424472809
1.0,0.14602667093276978
1.0,0.9532873034477234
1.0,0.8299530744552612
1.0,0.9746832251548767
1.0,0.9676442742347717
1.0,0.033973053097724915
1.0,0.5423908233642578
1.0,0.5355551242828369
1.0,0.5364728569984436
1.0,0.004210496786981821
1.0,0.00696801720187068
1.0,0.7273707389831543
1.0,0.0020023200195282698
1.0,0.5395837426185608
1.0,0.12616872787475586
1.0,0.28055116534233093
1.0,0.005215742159634829
1.0,0.11664137989282608
1.0,0.0030491771176457405
1.0,0.34000784158706665
1.0,0.019205931574106216
1.0,0.009621317498385906
1.0,0.43104857206344604
1.0,0.7497780323028564
1.0,0.18294791877269745
1.0,0.518035888671875
1.0,0.4585811197757721
1.0,0.0072538238018751144
1.0,0.10060509294271469
1.0,0.168611079454422
1.0,0.5747127532958984
1.0,0.08755099773406982
1.0,0.0884842574596405
1.0,0.41313204169273376
1.0,0.3314245343208313
1.0,0.04131937026977539
1.0,0.014223208650946617
1.0,0.8663145899772644
1.0,0.6468048095703125
1.0,0.12707634270191193
1.0,0.15547381341457367
1.0,0.9804108738899231
1.0,0.18176285922527313
1.0,0.5899975895881653
1.0,0.09439190477132797
1.0,0.0008543346193619072
1.0,0.9259718060493469
1.0,0.5733500719070435
1.0,0.5205618739128113
1.0,0.2365703284740448
1.0,0.10526075959205627
1.0,0.021560654044151306
1.0,0.0711522102355957
1.0,0.0006037179846316576
1.0,0.2420082986354828
1.0,0.12277670204639435
1.0,0.02652924880385399
1.0,0.0031251516193151474
1.0,0.02011564001441002
1.0,0.4874217212200165
1.0,0.008578718639910221
1.0,0.017328539863228798
1.0,0.9665185809135437
1.0,0.325920045375824
1.0,0.42879652976989746
1.0,0.05348554998636246
1.0,0.010744626633822918
1.0,0.40329423546791077
1.0,0.09760673344135284
1.0,0.0013495396124199033
1.0,0.5303828120231628
1.0,0.017939668148756027
1.0,0.09710346162319183
1.0,9.763583364019723e-08
1.0,0.5234678983688354
1.0,0.22379155457019806
1.0,0.8420717716217041
1.0,0.12291192263364792
1.0,0.5092794299125671
1.0,0.0015243900706991553
1.0,0.3448118269443512
1.0,0.5460095405578613
1.0,0.07452896982431412
1.0,0.01846746727824211
1.0,0.7179176211357117
1.0,0.16013644635677338
1.0,0.39786672592163086
1.0,0.7504740357398987
1.0,0.10852489620447159
1.0,0.32007837295532227
1.0,0.2999655306339264
1.0,0.3053834140300751
1.0,0.3890492618083954
1.0,0.0062753865495324135
1.0,0.38251182436943054
1.0,0.20452724397182465
1.0,0.5906271934509277
1.0,0.71353679895401
1.0,0.4909207224845886
1.0,0.24098336696624756
1.0,0.5345050096511841
1.0,0.0021322292741388083
1.0,0.8602630496025085
1.0,0.0005463631823658943
1.0,0.792475163936615
1.0,0.734913170337677
1.0,0.15264025330543518
1.0,0.5153951644897461
1.0,0.27298375964164734
1.0,0.00694408779963851
1.0,0.2396763265132904
1.0,0.2789441645145416
1.0,0.23977363109588623
1.0,0.39108753204345703
1.0,0.2916368544101715
1.0,0.0017905811546370387
1.0,0.17163078486919403
1.0,0.7784823179244995
1.0,0.015243832021951675
1.0,0.07245505601167679
1.0,0.02608562260866165
1.0,0.11578719317913055
1.0,0.07790575921535492
1.0,0.07611040771007538
1.0,0.02872474119067192
1.0,0.47549107670783997
1.0,0.9149506688117981
1.0,0.3066074848175049
1.0,0.6254094243049622
1.0,0.9252142906188965
1.0,0.9389743208885193
1.0,0.8230727910995483
1.0,0.35470736026763916
1.0,0.31200501322746277
1.0,0.4491276144981384
1.0,0.02113749086856842
1.0,0.06962307542562485
1.0,0.35202932357788086
1.0,0.320489764213562
1.0,0.22536475956439972
1.0,0.7572427988052368
1.0,0.768624484539032
1.0,0.0003262730606365949
1.0,0.0059141856618225574
1.0,0.02462111972272396
1.0,0.00591528182849288
1.0,0.042164191603660583
1.0,0.024135053157806396
1.0,0.9847367405891418
1.0,0.4635241627693176
1.0,0.16038115322589874
1.0,0.9964717626571655
1.0,0.02986879274249077
1.0,0.38633379340171814
1.0,0.9203341007232666
1.0,0.3367158770561218
1.0,0.6521078944206238
1.0,0.058303989470005035
1.0,0.5468533635139465
1.0,0.007906648330390453
1.0,0.6088541150093079
1.0,0.03328608348965645
1.0,0.7908655405044556
1.0,0.7025535106658936
1.0,0.9623051881790161
1.0,0.006157554220408201
1.0,0.2541511058807373
1.0,0.08508443832397461
1.0,0.017761679366230965
1.0,0.02143418975174427
1.0,0.40745052695274353
1.0,0.06573589891195297
1.0,0.05980246886610985
1.0,0.1261112242937088
1.0,0.030220624059438705
1.0,0.2375517040491104
1.0,0.020498130470514297
1.0,0.01176214125007391
1.0,0.12244760245084763
1.0,0.7130495309829712
1.0,0.7369095087051392
1.0,0.17959602177143097
1.0,0.20413587987422943
1.0,0.7996103763580322
1.0,0.3943927586078644
1.0,0.7186530828475952
1.0,0.5657340288162231
1.0,0.006707327906042337
1.0,0.002576828468590975
1.0,0.00895029678940773
1.0,4.001653360319324e-05
1.0,9.562876584823243e-06
1.0,0.2078700214624405
1.0,0.6589015126228333
1.0,0.4931795299053192
1.0,0.14744730293750763
1.0,0.9720340371131897
1.0,0.17802231013774872
1.0,0.5341907739639282
1.0,0.2460954338312149
1.0,0.759600043296814
1.0,0.02003760263323784
1.0,0.07802381366491318
1.0,0.24415360391139984
1.0,0.0994948223233223
1.0,0.0827450305223465
1.0,0.7050140500068665
1.0,0.33200204372406006
1.0,0.0010956638725474477
1.0,0.3054823875427246
1.0,0.005256088450551033
1.0,0.1391727179288864
1.0,0.32496732473373413
1.0,0.2827364504337311
1.0,0.1369759738445282
1.0,0.0028699368704110384
1.0,0.07189761102199554
1.0,0.1856117695569992
1.0,0.5952357649803162
1.0,0.019032007083296776
1.0,0.003005897393450141
1.0,0.520490288734436
1.0,0.2051466405391693
1.0,0.2239571064710617
1.0,0.955691933631897
1.0,0.23413844406604767
1.0,0.40787115693092346
1.0,0.5985360145568848
1.0,0.1361425817012787
1.0,0.6365722417831421
1.0,0.4129226505756378
1.0,0.012685955502092838
1.0,0.007554313167929649
1.0,0.14929087460041046
1.0,0.5301257967948914
1.0,0.008666951209306717
1.0,0.05571148172020912
1.0,0.18805886805057526
1.0,0.16320443153381348
1.0,0.365831583738327
1.0,0.07979688793420792
1.0,0.07776980847120285
1.0,0.1729634404182434
1.0,0.3972788453102112
1.0,0.6297810673713684
1.0,0.8911065459251404
1.0,0.009633033536374569
1.0,0.2948633134365082
1.0,0.48145395517349243
1.0,0.05380517989397049
1.0,0.0006263419054448605
1.0,0.4764561355113983
1.0,0.752536952495575
1.0,0.9206187129020691
1.0,0.5028741359710693
1.0,0.24592643976211548
1.0,0.00015905378677416593
1.0,0.6715644001960754
1.0,0.9463717341423035
1.0,0.2968675494194031
1.0,0.04314473643898964
1.0,0.7349246144294739
1.0,0.1662515103816986
1.0,0.01446215808391571
1.0,0.005434464197605848
1.0,0.6675663590431213
1.0,0.06549503654241562
1.0,0.006726738065481186
1.0,0.14219702780246735
1.0,0.00631565460935235
1.0,0.09386160224676132
1.0,0.2583995759487152
1.0,0.7401776313781738
1.0,0.4206032156944275
1.0,0.044163912534713745
1.0,0.01590091362595558
1.0,0.0005002185935154557
1.0,0.5881312489509583
1.0,0.1470736414194107
1.0,0.1054440587759018
1.0,0.5902796983718872
1.0,0.016498401761054993
1.0,0.8157176375389099
1.0,0.16263774037361145
1.0,0.1175151839852333
1.0,0.8014851212501526
1.0,0.015860211104154587
1.0,0.06075368449091911
1.0,0.24270986020565033
1.0,0.0030571843963116407
1.0,0.02941855415701866
1.0,2.3676184355281293e-05
1.0,0.11917079985141754
1.0,0.007172514218837023
1.0,0.5681121945381165
1.0,0.18860261142253876
1.0,0.5146612524986267
1.0,0.3139876425266266
1.0,0.45871132612228394
1.0,0.24889852106571198
1.0,0.2696739137172699
1.0,9.248928108718246e-05
1.0,0.7636116147041321
1.0,0.582097589969635
1.0,0.01508949976414442
1.0,0.08736133575439453
1.0,0.006171755492687225
1.0,0.5538647174835205
1.0,0.028522957116365433
1.0,0.07606331259012222
1.0,0.1959487646818161
1.0,0.005158928222954273
1.0,0.14205285906791687
1.0,0.22119256854057312
1.0,0.4400007426738739
1.0,0.4551940858364105
1.0,0.21617905795574188
1.0,0.4426308572292328
1.0,0.06088067591190338
1.0,0.8397974967956543
1.0,0.5178643465042114
1.0,0.2789795696735382
1.0,0.9371773600578308
1.0,0.7147387862205505
1.0,0.14679428935050964
1.0,0.009642399847507477
1.0,0.0035120456013828516
1.0,0.04534593224525452
1.0,0.30505529046058655
1.0,0.009990878403186798
1.0,0.015152059495449066
1.0,0.4308210611343384
1.0,0.1664932668209076
1.0,0.12043808400630951
1.0,0.1858673095703125
1.0,0.36144885420799255
1.0,0.10878805816173553
1.0,0.1508910208940506
1.0,0.24204042553901672
1.0,0.027330614626407623
1.0,0.0682787373661995
1.0,0.6678714156150818
1.0,0.5740194320678711
1.0,0.04952867329120636
1.0,0.40588614344596863
1.0,0.9434837102890015
1.0,0.9264800548553467
1.0,0.10027141869068146
1.0,0.12441664189100266
1.0,0.47248637676239014
1.0,0.5926735401153564
1.0,0.8680920004844666
1.0,0.0928739532828331
1.0,0.11897751688957214
1.0,0.3611873984336853
1.0,0.08046554028987885
1.0,0.6446436047554016
1.0,0.009839486330747604
1.0,0.4197162687778473
1.0,0.008149654604494572
1.0,0.5685045123100281
1.0,0.046747881919145584
1.0,0.8546307682991028
1.0,0.35318678617477417
1.0,0.2795430123806
1.0,0.999466598033905
1.0,0.09367045015096664
1.0,0.013588545843958855
1.0,0.5990564823150635
1.0,0.17999228835105896
1.0,0.05086640641093254
1.0,0.0019133249297738075
1.0,8.616428885943606e-07
1.0,0.11969999223947525
1.0,0.6396389007568359
1.0,0.14618171751499176
1.0,0.0021031799260526896
1.0,0.7139360904693604
1.0,0.32497820258140564
1.0,0.16164958477020264
1.0,0.3803899586200714
1.0,0.001622003153897822
1.0,0.18366627395153046
1.0,0.08184986561536789
1.0,0.00891359057277441
1.0,0.629866898059845
1.0,0.7257601618766785
1.0,0.4119434952735901
1.0,0.051598694175481796
1.0,0.5933285355567932
1.0,0.6835584044456482
1.0,0.0019380481680855155
1.0,0.005625259131193161
1.0,0.4114220142364502
1.0,0.056799277663230896
1.0,0.8013523817062378
1.0,0.10231570154428482
1.0,0.7043588161468506
1.0,0.08700460940599442
1.0,0.17055495083332062
1.0,0.7537545561790466
1.0,0.9751859307289124
1.0,0.6254644393920898
1.0,0.038103219121694565
1.0,0.1377629190683365
1.0,0.9319180250167847
1.0,0.029890667647123337
1.0,0.7121896147727966
1.0,0.02636837027966976
1.0,0.14432024955749512
1.0,0.09514616429805756
1.0,0.6688960790634155
1.0,0.46028491854667664
1.0,0.063662588596344
1.0,0.5934262871742249
1.0,0.7520633339881897
1.0,0.0504026934504509
1.0,0.013226929120719433
1.0,0.0018509438959881663
1.0,0.17543627321720123
1.0,0.06394276767969131
1.0,0.18698054552078247
1.0,0.0006283422117121518
1.0,0.034156981855630875
1.0,1.6785506886662915e-05
1.0,0.13226066529750824
1.0,0.002011016709730029
1.0,0.03988499194383621
1.0,0.01156625896692276
1.0,0.09013144671916962
1.0,0.0247228741645813
1.0,0.30276715755462646
1.0,0.08036737143993378
1.0,0.0056055267341434956
1.0,0.10681036114692688
1.0,4.294715836294927e-05
1.0,0.023838495835661888
1.0,0.01939384825527668
1.0,0.0017529140459373593
1.0,0.42007026076316833
1.0,0.38675448298454285
1.0,0.042251069098711014
1.0,0.036471832543611526
1.0,0.021053871139883995
1.0,0.007443946786224842
1.0,0.7895437479019165
1.0,0.19821667671203613
1.0,0.1946268081665039
1.0,0.028561310842633247
1.0,0.13122250139713287
1.0,0.45830100774765015
1.0,0.24225246906280518
1.0,0.9176525473594666
1.0,4.934701337333536e-06
1.0,0.00024927291087806225
1.0,0.44657108187675476
1.0,0.03770360350608826
1.0,0.033208753913640976
1.0,0.08176925778388977
1.0,0.9966720342636108
1.0,0.04499223083257675
1.0,0.008513628505170345
1.0,0.15050193667411804
1.0,0.036816105246543884
1.0,0.8523746728897095
1.0,0.14001724123954773
1.0,0.2348599135875702
1.0,0.0012313852785155177
1.0,0.0028411895036697388
1.0,0.14539186656475067
1.0,0.10825368016958237
1.0,0.18587560951709747
1.0,0.09793241322040558
1.0,0.4511852264404297
1.0,0.003363936673849821
1.0,0.10707419365644455
1.0,0.013724197633564472
1.0,0.06917645782232285
1.0,0.36124294996261597
1.0,0.17958755791187286
1.0,0.001306606805883348
1.0,0.06904543936252594
1.0,0.8888145685195923
1.0,0.6533246040344238
1.0,0.7544276714324951
1.0,0.463807612657547
1.0,0.08037927001714706
1.0,0.008306189440190792
1.0,1.0856667358893901e-05
1.0,0.5072430968284607
1.0,0.013246055692434311
1.0,0.06681153923273087
1.0,0.008312861435115337
1.0,0.08418155461549759
1.0,0.5105815529823303
1.0,0.05326253920793533
1.0,0.023410914465785027
1.0,0.9796531200408936
1.0,0.08769288659095764
1.0,0.007983219809830189
1.0,0.3077484667301178
1.0,0.02050146646797657
1.0,0.13937488198280334
1.0,0.591061532497406
1.0,0.46139034628868103
1.0,0.2108164280653
1.0,0.22360052168369293
1.0,0.04874372109770775
1.0,0.05913407728075981
1.0,0.12899690866470337
1.0,0.02517424337565899
1.0,0.8883278965950012
1.0,0.09190008044242859
1.0,0.07716149091720581
1.0,0.9254180192947388
1.0,0.0015017748810350895
1.0,0.9140524864196777
1.0,0.9709066152572632
1.0,0.10703408718109131
1.0,0.9890043139457703
1.0,0.9145160913467407
1.0,0.1779830902814865
1.0,0.5593900084495544
1.0,0.5018706917762756
1.0,0.09291594475507736
1.0,0.6722023487091064
1.0,0.8468486070632935
1.0,0.008270960301160812
1.0,0.9910486936569214
1.0,0.4246775805950165
1.0,0.0009006821783259511
1.0,0.10623424500226974
1.0,0.19538521766662598
1.0,0.6463432312011719
1.0,0.6035879254341125
1.0,0.4832676351070404
1.0,0.08557390421628952
1.0,0.4024195671081543
1.0,0.39302656054496765
1.0,0.4538404941558838
1.0,0.4108518064022064
1.0,0.849346399307251
1.0,0.21002978086471558
1.0,0.0427003912627697
1.0,0.03082144446671009
1.0,0.2761622667312622
1.0,0.14606362581253052
1.0,0.21611957252025604
1.0,0.0264095701277256
1.0,0.0051356893964111805
1.0,0.06421230733394623
1.0,0.07174627482891083
1.0,0.44009339809417725
1.0,0.9122791290283203
1.0,0.7211662530899048
1.0,0.7521622776985168
1.0,0.09049618989229202
1.0,0.15171512961387634
1.0,0.8419172167778015
1.0,0.009352465160191059
1.0,0.11517855525016785
1.0,0.08604497462511063
1.0,0.1618708223104477
1.0,0.026822926476597786
1.0,0.1246943399310112
1.0,0.24436771869659424
1.0,0.4748973548412323
1.0,0.01903465762734413
1.0,0.13173557817935944
1.0,0.7497090697288513
1.0,0.06033073738217354
1.0,0.0698728859424591
1.0,0.864987850189209
1.0,0.318881630897522
1.0,0.38966745138168335
1.0,0.21862640976905823
1.0,0.00012030499055981636
1.0,0.0072150155901908875
1.0,0.4194506108760834
1.0,0.43913716077804565
1.0,0.0788920447230339
1.0,0.716895341873169
1.0,0.9019248485565186
1.0,0.011453896760940552
1.0,0.20498281717300415
1.0,0.00788084790110588
1.0,0.33747485280036926
1.0,0.07115326821804047
1.0,0.00038616539677605033
1.0,0.1127736046910286
1.0,9.129938553087413e-05
1.0,0.43038409948349
1.0,0.27227315306663513
1.0,0.7731583714485168
1.0,0.18254253268241882
1.0,0.09308336675167084
1.0,0.5715503692626953
1.0,0.22484077513217926
1.0,0.2796390652656555
1.0,0.9400020241737366
1.0,0.426013320684433
1.0,0.5339145064353943
1.0,0.17821826040744781
1.0,0.4291168451309204
1.0,0.023883765563368797
1.0,0.040466103702783585
1.0,2.730967025854625e-07
1.0,0.0013227673480287194
1.0,0.08167733997106552
1.0,0.02319134958088398
1.0,0.35196828842163086
1.0,0.6832472681999207
1.0,0.0732095018029213
1.0,0.5678028464317322
1.0,0.0612536296248436
1.0,0.8467050194740295
1.0,0.7319499254226685
1.0,0.8874843716621399
1.0,0.31107228994369507
1.0,0.003526481566950679
1.0,0.412659227848053
1.0,0.36168643832206726
1.0,0.0008491994813084602
1.0,0.8893145322799683
1.0,0.5504756569862366
1.0,0.43648844957351685
1.0,0.5280793309211731
1.0,0.06349664181470871
1.0,0.00016697583487257361
1.0,0.3283594846725464
1.0,0.4858953356742859
1.0,0.05788479372859001
1.0,0.0002205203491030261
1.0,1.5911934951873263e-06
1.0,0.11093747615814209
1.0,0.07634222507476807
1.0,7.881029887357727e-05
1.0,0.10982032865285873
1.0,0.06644183397293091
1.0,0.4676983058452606
1.0,0.24092110991477966
1.0,0.26663658022880554
1.0,0.768707275390625
1.0,0.007552225608378649
1.0,0.0063652354292571545
1.0,0.7642748355865479
1.0,0.1207687109708786
1.0,0.14908331632614136
1.0,0.047236986458301544
1.0,0.1389763355255127
1.0,0.929283618927002
1.0,0.6619488596916199
1.0,0.388985812664032
1.0,0.5773748755455017
1.0,0.8722354769706726
1.0,0.7066758871078491
1.0,0.007169933989644051
1.0,0.09104624390602112
1.0,0.0470782071352005
1.0,0.15064942836761475
1.0,0.0496046207845211
1.0,0.048459697514772415
1.0,0.6681686043739319
1.0,0.008558621630072594
1.0,2.3524244170403108e-05
1.0,0.10713692754507065
1.0,0.2665863335132599
1.0,0.0003803215513471514
1.0,0.3795485198497772
1.0,0.09010188281536102
1.0,0.6541574001312256
1.0,0.16421525180339813
1.0,0.9890353083610535
1.0,0.7712709307670593
1.0,0.3032437264919281
1.0,0.03437922149896622
1.0,0.37443655729293823
1.0,0.008752658031880856
1.0,0.03687874600291252
1.0,0.045276936143636703
1.0,0.014923359267413616
1.0,0.432019978761673
1.0,0.29018574953079224
1.0,0.8774209022521973
1.0,0.8531169891357422
1.0,0.07583720237016678
1.0,0.015119192190468311
1.0,0.5289362072944641
1.0,0.02907307632267475
1.0,0.37069979310035706
1.0,0.44161492586135864
1.0,0.5796759128570557
1.0,0.2964991629123688
1.0,0.5403933525085449
1.0,0.23081517219543457
1.0,0.7361141443252563
1.0,0.37203580141067505
1.0,0.0027844023425132036
1.0,0.42301544547080994
1.0,0.8107569813728333
1.0,0.007051485124975443
1.0,0.14982116222381592
1.0,0.11424428969621658
1.0,0.8934442400932312
1.0,0.7201584577560425
1.0,0.07958316802978516
1.0,0.16448110342025757
1.0,0.45118314027786255
1.0,0.41584086418151855
1.0,0.9407791495323181
1.0,0.3134235739707947
1.0,0.5035260915756226
1.0,0.041491515934467316
1.0,0.27464452385902405
1.0,0.13820777833461761
1.0,0.16874301433563232
1.0,0.7104325890541077
1.0,0.004465848207473755
1.0,0.0668124333024025
1.0,0.016929922625422478
1.0,0.034198109060525894
1.0,0.06573110818862915
1.0,0.5344403386116028
1.0,0.19909118115901947
1.0,0.03661322966217995
1.0,0.11299113184213638
1.0,0.9427036643028259
1.0,0.7371921539306641
1.0,0.574834406375885
1.0,0.760711669921875
1.0,0.17417208850383759
1.0,0.7726839780807495
1.0,0.4494357109069824
1.0,0.05168866366147995
1.0,0.3279956579208374
1.0,0.16000184416770935
1.0,0.5135388970375061
1.0,0.008894205093383789
1.0,0.543347179889679
1.0,0.7606353163719177
1.0,0.6973745822906494
1.0,0.02272084914147854
1.0,0.029777951538562775
1.0,0.778893768787384
1.0,0.18428859114646912
1.0,0.21175448596477509
1.0,0.026407726109027863
1.0,0.4222680926322937
1.0,0.3043057918548584
1.0,0.8523765802383423
1.0,0.7422409653663635
1.0,0.033440932631492615
1.0,0.054857827723026276
1.0,0.35347437858581543
1.0,0.0020111831836402416
1.0,0.045697394758462906
1.0,0.3370216488838196
1.0,0.12303975224494934
1.0,0.5802608132362366
1.0,0.09878173470497131
1.0,0.6201226115226746
1.0,0.0027660999912768602
1.0,0.6619443893432617
1.0,0.7884231805801392
1.0,0.560025155544281
1.0,0.0004115782503504306
1.0,0.02088218182325363
1.0,0.28233376145362854
1.0,0.06671421974897385
1.0,0.7705573439598083
1.0,0.16888222098350525
1.0,0.1519603431224823
1.0,0.36571967601776123
1.0,0.18883852660655975
1.0,0.004946722649037838
1.0,0.0008211929816752672
1.0,0.0004882046487182379
1.0,0.48575523495674133
1.0,0.0004097689816262573
1.0,0.1911318153142929
1.0,0.16018669307231903
1.0,0.42510926723480225
1.0,0.9267857074737549
1.0,0.21110562980175018
1.0,0.566836416721344
1.0,0.8584818243980408
1.0,0.26669877767562866
1.0,0.035260315984487534
1.0,1.918353882501833e-05
1.0,0.39295798540115356
1.0,0.9633446931838989
1.0,0.6555735468864441
1.0,0.10134381800889969
1.0,0.49493348598480225
1.0,0.6640884280204773
1.0,0.1404636949300766
1.0,5.54888083570404e-06
1.0,0.007453140337020159
1.0,0.22780892252922058
1.0,0.580601692199707
1.0,0.13293536007404327
1.0,0.21568045020103455
1.0,0.6217256188392639
1.0,0.6217502951622009
1.0,0.4283016324043274
1.0,0.06619033962488174
1.0,0.3013164699077606
1.0,6.116474105510861e-05
1.0,0.9843730926513672
1.0,0.0006852411897853017
1.0,0.15436352789402008
1.0,0.03979695588350296
1.0,0.7113268971443176
1.0,0.2722089886665344
1.0,0.08949628472328186
1.0,0.17796218395233154
1.0,0.009167741984128952
1.0,0.2685084342956543
1.0,0.1813797652721405
1.0,0.01357073150575161
1.0,0.005051188636571169
1.0,0.0006405156455002725
1.0,0.0005956100067123771
1.0,0.8883084654808044
1.0,0.028117261826992035
1.0,0.15298770368099213
1.0,0.9511239528656006
1.0,0.05977890267968178
1.0,0.7942814230918884
1.0,0.4740389287471771
1.0,0.00033898025867529213
1.0,0.2805926203727722
1.0,4.030619311379269e-05
1.0,0.0621473528444767
1.0,0.5700275301933289
1.0,0.958063006401062
1.0,0.14744850993156433
1.0,0.8129029273986816
1.0,0.704508364200592
1.0,0.16380706429481506
1.0,0.11233153194189072
1.0,0.1219811737537384
1.0,0.06755867600440979
1.0,0.4927922785282135
1.0,0.1213085725903511
1.0,0.001733448589220643
1.0,0.039904721081256866
1.0,0.8470858931541443
1.0,0.10258720070123672
1.0,0.9501053094863892
1.0,0.5866169929504395
1.0,0.3948242664337158
1.0,0.17420850694179535
1.0,0.9925992488861084
1.0,0.030597040429711342
1.0,0.10020054876804352
1.0,0.5091457962989807
1.0,0.00935069378465414
1.0,0.029233595356345177
1.0,0.2721439301967621
1.0,0.0025738594122231007
1.0,0.9045323729515076
1.0,3.9418257074430585e-05
1.0,0.015062558464705944
1.0,0.4478885233402252
1.0,0.27465328574180603
1.0,0.07584498077630997
1.0,0.038103245198726654
1.0,0.0253025833517313
1.0,0.005744826514273882
1.0,0.04884069785475731
1.0,0.0763486996293068
1.0,0.4858141839504242
1.0,0.19736792147159576
1.0,0.9469940662384033
1.0,0.008497431874275208
1.0,0.36454227566719055
1.0,0.061848267912864685
1.0,0.923369824886322
1.0,0.036426108330488205
1.0,0.2274627536535263
1.0,0.001960204681381583
1.0,0.3792198896408081
1.0,0.02199021354317665
1.0,0.32169386744499207
1.0,0.017820289358496666
1.0,0.22161799669265747
1.0,0.34194397926330566
1.0,0.94585120677948
1.0,0.00013193160702940077
1.0,0.5085525512695312
1.0,0.11394447833299637
1.0,0.07221819460391998
1.0,0.11763264983892441
1.0,0.5067720413208008
1.0,1.4954382177023717e-09
1.0,0.8856031894683838
1.0,0.0063435668125748634
1.0,0.0018447276670485735
1.0,0.9638029336929321
1.0,0.8958099484443665
1.0,0.02690141089260578
1.0,0.16839340329170227
1.0,0.024636119604110718
1.0,0.4194142520427704
1.0,0.7560234665870667
1.0,0.03164621442556381
1.0,0.6669890880584717
1.0,0.19197013974189758
1.0,0.8687992095947266
1.0,0.09677183628082275
1.0,0.14555814862251282
1.0,0.8330860137939453
1.0,0.8903294205665588
1.0,0.8724080324172974
1.0,0.026706691831350327
1.0,0.15113437175750732
1.0,0.16299089789390564
1.0,0.2732767164707184
1.0,0.02112256921827793
1.0,0.2389230728149414
1.0,0.06076062470674515
1.0,0.113491490483284
1.0,0.058432839810848236
1.0,0.39618775248527527
1.0,0.2830844521522522
1.0,0.02595183439552784
1.0,0.7816147804260254
1.0,0.008370948024094105
1.0,0.0367308109998703
1.0,0.8377974629402161
1.0,0.5995903611183167
1.0,0.12349694222211838
1.0,0.027231935411691666
1.0,0.5638224482536316
1.0,0.0032897491473704576
1.0,0.16182687878608704
1.0,0.8611882925033569
1.0,0.020315496250987053
1.0,0.0003024977631866932
1.0,0.02235342562198639
1.0,0.18530724942684174
1.0,0.8520872592926025
1.0,0.2376335859298706
1.0,3.0206995234038914e-06
1.0,0.08308769762516022
1.0,0.39318808913230896
1.0,0.03710534796118736
1.0,0.01563078910112381
1.0,0.2781176269054413
1.0,0.45715636014938354
1.0,0.0050340876914560795
1.0,0.02966998890042305
1.0,0.5906434059143066
1.0,0.0012440106365829706
1.0,0.0006438849959522486
1.0,0.8549559712409973
1.0,0.0009569930261932313
1.0,0.2643531560897827
1.0,0.13098937273025513
1.0,0.73319011926651
1.0,0.8086773753166199
1.0,0.8762722611427307
1.0,0.41630950570106506
1.0,0.22582535445690155
1.0,0.19456340372562408
1.0,0.001198418322019279
1.0,0.8448822498321533
1.0,0.4058855175971985
1.0,0.005309499800205231
1.0,0.007721902336925268
1.0,0.02469620853662491
1.0,0.07342499494552612
1.0,0.056638918817043304
1.0,0.9310657382011414
1.0,0.9238881468772888
1.0,0.05103156715631485
1.0,0.23738713562488556
1.0,0.3221694231033325
1.0,0.42920538783073425
1.0,0.11597772687673569
1.0,0.3446755111217499
1.0,0.006005570758134127
1.0,0.07562866061925888
1.0,0.32392123341560364
1.0,0.4254758954048157
1.0,0.10324536263942719
1.0,0.5142442584037781
1.0,0.6336508393287659
1.0,0.0011756103485822678
1.0,0.27511492371559143
1.0,0.024938972666859627
1.0,0.002526633208617568
1.0,0.015118290670216084
1.0,0.005509744398295879
1.0,0.028568610548973083
1.0,0.40545740723609924
1.0,0.33485761284828186
1.0,0.0007940903888083994
1.0,0.009283425286412239
1.0,0.34982579946517944
1.0,0.0006022462039254606
1.0,0.08606188744306564
1.0,0.4135141670703888
1.0,0.08602991700172424
1.0,0.4033626914024353
1.0,0.6921148896217346
1.0,0.49588003754615784
1.0,0.36489978432655334
1.0,0.25204572081565857
1.0,0.7342095971107483
1.0,0.07186106592416763
1.0,0.0057730223052203655
1.0,0.07466571033000946
1.0,0.7809283137321472
1.0,8.829912985675037e-05
1.0,0.00015701948723290116
1.0,0.06985652446746826
1.0,3.6567493225447834e-05
1.0,0.6269250512123108
1.0,0.8497724533081055
1.0,0.35346928238868713
1.0,0.013490329496562481
1.0,0.02389422245323658
1.0,0.18725194036960602
1.0,0.10396651178598404
1.0,0.7844520211219788
1.0,0.017954207956790924
1.0,0.9778615832328796
1.0,0.39577075839042664
1.0,0.6846008896827698
1.0,0.26156842708587646
1.0,0.5090523362159729
1.0,0.2328835278749466
1.0,0.10617983341217041
1.0,0.007628776133060455
1.0,0.055625803768634796
1.0,0.6662209630012512
1.0,0.6219075918197632
1.0,0.030806271359324455
1.0,0.10372710227966309
1.0,0.0005413212929852307
1.0,0.3137604594230652
1.0,0.7148128747940063
1.0,0.07570086419582367
1.0,0.07510065287351608
1.0,0.6807377934455872
1.0,0.7689204216003418
1.0,0.07602997869253159
1.0,0.37140387296676636
1.0,0.07780147343873978
1.0,0.00547683285549283
1.0,0.01921566016972065
1.0,0.0030012752395123243
1.0,0.099921315908432
1.0,0.05803922563791275
1.0,0.3394833505153656
1.0,0.5482147932052612
1.0,0.3226637542247772
1.0,0.3408360183238983
1.0,0.13170389831066132
1.0,0.27744102478027344
1.0,0.04688858985900879
1.0,0.0020764947403222322
1.0,7.4915574259648565e-06
1.0,0.001231771195307374
1.0,0.34069469571113586
1.0,0.0595829077064991
1.0,0.8010167479515076
1.0,0.9289023876190186
1.0,0.3408445417881012
1.0,0.8593623638153076
1.0,0.14054469764232635
1.0,0.11658485978841782
1.0,0.2884771525859833
1.0,0.054817911237478256
1.0,0.8862734436988831
1.0,0.005549132823944092
1.0,0.024386191740632057
1.0,0.8765761852264404
1.0,0.6899168491363525
1.0,0.95660001039505
1.0,0.13926365971565247
1.0,0.1525888442993164
1.0,0.002726599108427763
1.0,0.022139258682727814
1.0,0.04254450649023056
1.0,0.001627615769393742
1.0,0.14770695567131042
1.0,0.02043667994439602
1.0,0.2539263367652893
1.0,0.20994441211223602
1.0,0.5995616316795349
1.0,0.2269044816493988
1.0,0.10446112602949142
1.0,0.011946061626076698
1.0,0.03469451889395714
1.0,0.22660952806472778
1.0,0.06315546482801437
1.0,0.000787929049693048
1.0,0.03847675770521164
1.0,0.2952047884464264
1.0,0.0047041308134794235
1.0,0.8097162842750549
1.0,0.36288636922836304
1.0,0.014592345803976059
1.0,0.5803788304328918
1.0,0.015549902804195881
1.0,0.7999574542045593
1.0,0.11201260983943939
1.0,0.35043618083000183
1.0,0.9110591411590576
1.0,0.478916198015213
1.0,0.2639871835708618
1.0,0.09829153120517731
1.0,0.0022542783990502357
1.0,0.6856626868247986
1.0,0.00011874664050992578
1.0,0.7456775307655334
1.0,0.08165744692087173
1.0,0.8330000638961792
1.0,0.0460507832467556
1.0,0.08308610320091248
1.0,0.6318271160125732
1.0,0.042430732399225235
1.0,0.02291889302432537
1.0,0.03107532300055027
1.0,0.27912384271621704
1.0,0.9970724582672119
1.0,0.13529174029827118
1.0,0.07830493897199631
1.0,0.16588731110095978
1.0,0.533215343952179
1.0,0.5359281301498413
1.0,0.1799134761095047
1.0,0.15768466889858246
1.0,0.013571325689554214
1.0,0.531595766544342
1.0,0.8578020334243774
1.0,0.017881961539387703
1.0,0.016496118158102036
1.0,0.27007120847702026
1.0,0.019876554608345032
1.0,0.2014857530593872
1.0,0.3194889426231384
1.0,0.13351719081401825
1.0,0.9428656697273254
1.0,0.05584285780787468
1.0,0.027252372354269028
1.0,0.020173566415905952
1.0,0.03996996209025383
1.0,0.25841981172561646
1.0,0.5186588168144226
1.0,0.053579170256853104
1.0,0.5355963706970215
1.0,0.045215919613838196
1.0,0.47013258934020996
1.0,0.01462049875408411
1.0,0.05949155241250992
1.0,0.0005310445558279753
1.0,0.0031819678843021393
1.0,0.029159480705857277
1.0,0.7717303037643433
1.0,0.018892508000135422
1.0,0.8777238726615906
1.0,0.11169318854808807
1.0,0.047833461314439774
1.0,0.003604693803936243
1.0,0.2408607006072998
1.0,0.09077834337949753
1.0,0.15074293315410614
1.0,0.09949769824743271
1.0,0.009598244912922382
1.0,0.012192030437290668
1.0,0.42004072666168213
1.0,0.24541889131069183
1.0,0.021993326023221016
1.0,0.009131157770752907
1.0,0.13756170868873596
1.0,0.139944925904274
1.0,0.06777174770832062
1.0,0.06361851841211319
1.0,0.07912368327379227
1.0,0.00010480779019417241
1.0,0.4189522862434387
1.0,0.8073475956916809
1.0,0.0004211695631965995
1.0,0.44755780696868896
1.0,0.016139602288603783
1.0,0.0646783784031868
1.0,0.00039872361230663955
1.0,0.06660068780183792
1.0,1.8045950127998367e-05
1.0,9.01142630027607e-06
1.0,0.005088843405246735
1.0,0.1212443858385086
1.0,0.2687990069389343
1.0,0.01899665780365467
1.0,0.31407707929611206
1.0,0.6366345882415771
1.0,0.6803692579269409
1.0,0.42400676012039185
1.0,0.09211200475692749
1.0,0.7434960603713989
1.0,0.00043379724957048893
1.0,0.27758145332336426
1.0,0.17475074529647827
1.0,0.13842371106147766
1.0,0.001098135719075799
1.0,0.01948738843202591
1.0,0.01774470880627632
1.0,0.004736436530947685
1.0,0.09594477713108063
1.0,0.022001832723617554
1.0,0.19380834698677063
1.0,0.8814458250999451
1.0,0.2615096867084503
1.0,0.0005034044152125716
1.0,0.2978876829147339
1.0,0.03304842486977577
1.0,0.008643997833132744
1.0,0.03169255331158638
1.0,0.04961543530225754
1.0,0.04465449973940849
1.0,0.04732972010970116
1.0,0.08159710466861725
1.0,0.0017360011115670204
1.0,0.0004847201344091445
1.0,0.6754581928253174
1.0,0.21482343971729279
1.0,0.11064070463180542
1.0,0.0006030247895978391
1.0,0.14627434313297272
1.0,0.5663030743598938
1.0,0.13917551934719086
1.0,0.0074300989508628845
1.0,0.2468823790550232
1.0,0.013315652497112751
1.0,0.4175017476081848
1.0,0.7345123291015625
1.0,0.028620801866054535
1.0,0.046445462852716446
1.0,0.7690120339393616
1.0,0.026039211079478264
1.0,0.0005074776709079742
1.0,0.030137334018945694
1.0,0.0020165047608315945
1.0,0.7807235717773438
1.0,0.8305128812789917
1.0,0.6042675375938416
1.0,0.2478509098291397
1.0,0.000289186486043036
1.0,0.4325948655605316
1.0,0.05553439259529114
1.0,0.11074968427419662
1.0,0.5338672995567322
1.0,0.0176251083612442
1.0,0.2091040313243866
1.0,0.009945499710738659
1.0,0.00216453499160707
1.0,0.0426858626306057
1.0,0.08205442875623703
1.0,0.6679601073265076
1.0,0.006491178181022406
1.0,0.2669335901737213
1.0,0.0025709120091050863
1.0,0.05019809305667877
1.0,0.5647141337394714
1.0,0.5044520497322083
1.0,0.00011329280823701993
1.0,0.4912094175815582
1.0,0.12316331267356873
1.0,0.009547803550958633
1.0,0.046643637120723724
1.0,0.1108604371547699
1.0,0.43948906660079956
1.0,0.3861551880836487
1.0,0.37340980768203735
1.0,0.0016439110040664673
1.0,0.04378289729356766
1.0,0.0003887225757353008
1.0,0.03652845695614815
1.0,0.09269002079963684
1.0,0.24177472293376923
1.0,0.009538496844470501
1.0,0.30377256870269775
1.0,0.43932801485061646
1.0,0.019544601440429688
1.0,0.21329063177108765
1.0,0.9076201319694519
1.0,0.027860095724463463
1.0,0.06892208009958267
1.0,0.15097220242023468
1.0,0.09494931250810623
1.0,4.941585939377546e-05
1.0,0.08882438391447067
1.0,0.16669124364852905
1.0,0.0035750772804021835
1.0,0.2004704773426056
1.0,0.4532092213630676
1.0,0.06656762957572937
1.0,0.5625670552253723
1.0,0.0037075225263834
1.0,0.2827398478984833
1.0,0.012108870781958103
1.0,0.13676363229751587
1.0,0.6275714039802551
1.0,0.007118250243365765
1.0,0.00527638103812933
1.0,0.19146117568016052
1.0,0.0020182128064334393
1.0,0.025236688554286957
1.0,0.23175418376922607
1.0,0.34511685371398926
1.0,0.9324179291725159
1.0,0.0007707854965701699
1.0,0.6203123331069946
1.0,0.05935664847493172
1.0,0.0013136062771081924
1.0,0.017030008137226105
1.0,0.022005001083016396
1.0,0.7733408212661743
1.0,0.647837221622467
1.0,0.6691796183586121
1.0,0.09566932916641235
1.0,0.3647741377353668
1.0,0.05521233007311821
1.0,0.07337097823619843
1.0,0.06758818030357361
1.0,0.023136798292398453
1.0,0.0051075853407382965
1.0,0.1016736701130867
1.0,0.08131854981184006
1.0,0.01322088111191988
1.0,0.09138079732656479
1.0,0.5348962545394897
1.0,0.006067239213734865
1.0,0.0735187828540802
1.0,0.10804910212755203
1.0,0.16472801566123962
1.0,0.2525084912776947
1.0,0.0023223725147545338
1.0,0.019716188311576843
1.0,0.20451311767101288
1.0,0.625514566898346
1.0,0.4180096983909607
1.0,0.003605154575780034
1.0,0.30382436513900757
1.0,0.011923114769160748
1.0,0.0036554865073412657
1.0,0.879098653793335
1.0,0.9155765771865845
1.0,0.09873301535844803
1.0,0.24998149275779724
1.0,0.0853085145354271
1.0,0.9012352228164673
1.0,0.18800610303878784
1.0,0.1495319902896881
1.0,0.043030671775341034
1.0,0.8416575193405151
1.0,0.22798150777816772
1.0,0.5739797949790955
1.0,0.028010688722133636
1.0,0.11604036390781403
1.0,0.7636627554893494
1.0,0.04548494517803192
1.0,0.3590784966945648
1.0,0.012825463898479939
1.0,0.5918161273002625
1.0,0.07614123076200485
1.0,0.39541205763816833
1.0,0.622109055519104
1.0,0.11398899555206299
1.0,0.31359827518463135
1.0,0.02073986828327179
1.0,0.001027772668749094
1.0,0.20897282660007477
1.0,0.04217149317264557
1.0,0.1356397569179535
1.0,0.07368144392967224
1.0,0.04887983202934265
1.0,0.12446261197328568
1.0,0.12700168788433075
1.0,0.8405145406723022
1.0,0.48547837138175964
1.0,0.16978886723518372
1.0,0.07759187370538712
1.0,0.018401212990283966
1.0,0.02577904425561428
1.0,0.006900366861373186
1.0,0.00093768973601982
1.0,0.0017351963324472308
1.0,0.0055098203010857105
1.0,0.3772858679294586
1.0,0.011928856372833252
1.0,0.014144034124910831
1.0,0.5294976234436035
1.0,3.210035856682225e-06
1.0,5.791134753962979e-05
1.0,0.0038895555771887302
1.0,0.4434744417667389
1.0,0.018103832378983498
1.0,0.0045031295157969
1.0,0.0997895896434784
1.0,0.009198781102895737
1.0,0.20123283565044403
1.0,0.14902956783771515
1.0,0.959464430809021
1.0,0.0004619408573489636
1.0,0.559666633605957
1.0,0.3088114559650421
1.0,6.117681186879054e-05
1.0,0.974690318107605
1.0,0.47380319237709045
1.0,0.8760729432106018
1.0,0.07686667144298553
0.0,0.013303629122674465
0.0,0.0004429886757861823
0.0,0.09160267561674118
0.0,6.137941090855747e-05
0.0,4.526739940047264e-05
0.0,0.13471369445323944
0.0,6.711163587169722e-05
0.0,0.01581609807908535
0.0,8.57690395150712e-07
0.0,0.05375240370631218
0.0,0.3019466996192932
0.0,0.0021504866890609264
0.0,0.00032752903643995523
0.0,2.059736756154784e-11
0.0,0.009385175071656704
0.0,0.26650118827819824
0.0,0.008146433159708977
0.0,0.01853012479841709
0.0,0.179525688290596
0.0,0.09694395959377289
0.0,9.672492888057604e-05
0.0,0.005386846140027046
0.0,0.00524703087285161
0.0,0.0643380656838417
0.0,0.16731321811676025
0.0,5.037579740019282e-06
0.0,1.1184106369910296e-06
0.0,0.006563819944858551
0.0,0.0001574386697029695
0.0,0.001188327674753964
0.0,0.042388319969177246
0.0,9.511261851002928e-06
0.0,1.5893219540430437e-07
0.0,2.277628482261207e-06
0.0,0.04418147727847099
0.0,0.004045582842081785
0.0,4.106780338020144e-08
0.0,4.479497420106782e-06
0.0,0.8746384382247925
0.0,0.2563326358795166
0.0,0.10347945243120193
0.0,1.6211464753723703e-05
0.0,8.48214710913453e-07
0.0,2.6826628527487628e-05
0.0,0.038519568741321564
0.0,0.003951935097575188
0.0,0.4886831045150757
0.0,0.00034151310683228076
0.0,3.0396390959808173e-10
0.0,0.001082668430171907
0.0,1.151714695879491e-05
0.0,0.00024210214905906469
0.0,2.7595379492595384e-07
0.0,7.694648473943744e-08
0.0,0.011652137152850628
0.0,0.9349569082260132
0.0,0.016978202387690544
0.0,0.00010028543329099193
0.0,5.068352493253769e-06
0.0,2.8212814868311398e-05
0.0,0.6253745555877686
0.0,3.9386685557474266e-07
0.0,0.0001235904055647552
0.0,0.04776865616440773
0.0,0.2531745433807373
0.0,0.25974592566490173
0.0,0.00620209751650691
0.0,1.7023825404915982e-10
0.0,0.00017897659563459456
0.0,7.034242298686877e-05
0.0,0.0006640927749685943
0.0,0.14740751683712006
0.0,6.660542117842283e-10
0.0,9.10806284082355e-06
0.0,0.003162175649777055
0.0,0.001976332627236843
0.0,0.0002115062961820513
0.0,1.8314795513507676e-10
0.0,0.0030820551328361034
0.0,0.015163150615990162
0.0,4.632754098565783e-06
0.0,0.01432799082249403
0.0,0.0005137757398188114
0.0,1.454972947678712e-10
0.0,1.2782091971530463e-06
0.0,0.22875982522964478
0.0,0.0004958758945576847
0.0,0.0016255032969638705
0.0,0.22428198158740997
0.0,0.06552741676568985
0.0,0.02112365886569023
0.0,2.4886312530725263e-06
0.0,0.00014250264212023467
0.0,1.9041181076318026e-06
0.0,0.0006465106853283942
0.0,9.264631808036938e-05
0.0,0.00021322639076970518
0.0,0.0018865391612052917
0.0,0.02976243384182453
0.0,0.003795054042711854
0.0,0.004301897250115871
0.0,0.48800450563430786
0.0,3.0279013571998803e-06
0.0,0.0013955860631540418
0.0,0.0001894356100820005
0.0,0.799746572971344
0.0,0.061038825660943985
0.0,0.0011349645210430026
0.0,4.973409462039058e-10
0.0,0.01213487982749939
0.0,0.19458085298538208
0.0,4.534620146046109e-08
0.0,0.2968144714832306
0.0,0.2650936245918274
0.0,0.03424583002924919
0.0,0.01911037415266037
0.0,0.10037186741828918
0.0,0.0007561207748949528
0.0,1.8037322888631024e-06
0.0,0.018860138952732086
0.0,4.736075420730401e-10
0.0,0.3721221387386322
0.0,1.1439605707153078e-08
0.0,0.0072517539374530315
0.0,6.167006358737126e-05
0.0,0.003450305201113224
0.0,0.48774009943008423
0.0,5.493955995916622e-06
0.0,0.023385463282465935
0.0,0.06424584239721298
0.0,0.00030833337223157287
0.0,1.165714479611779e-06
0.0,0.022353805601596832
0.0,0.00015388238534796983
0.0,0.047919485718011856
0.0,0.3299658000469208
0.0,0.0004922384396195412
0.0,0.0010072796139866114
0.0,0.11700556427240372
0.0,0.00814366340637207
0.0,0.0740605816245079
0.0,0.037352047860622406
0.0,0.18239068984985352
0.0,3.0097667149675544e-06
0.0,0.09933754056692123
0.0,0.06578704714775085
0.0,0.002564436988905072
0.0,0.002363584702834487
0.0,0.017791252583265305
0.0,1.9440360119915567e-05
0.0,0.010715880431234837
0.0,0.0054394761100411415
0.0,0.004124630242586136
0.0,3.0104299639788223e-06
0.0,1.291551939175406e-06
0.0,1.2142437810780393e-07
0.0,3.262209929744131e-06
0.0,0.00761460280045867
0.0,0.31866514682769775
0.0,5.8087451179744676e-05
0.0,0.1536766141653061
0.0,7.113602151775922e-09
0.0,2.263634684140925e-07
0.0,0.007283731363713741
0.0,2.5152278340101475e-06
0.0,0.011933539062738419
0.0,2.0258366930647753e-06
0.0,0.0009603468934074044
0.0,0.7279119491577148
0.0,0.2644537687301636
0.0,0.009589527733623981
0.0,0.12282328307628632
0.0,0.00019348399655427784
0.0,0.003025442361831665
0.0,1.0362322910850708e-07
0.0,0.00013900849444326013
0.0,0.010640807449817657
0.0,0.09921058267354965
0.0,0.07174845039844513
0.0,0.3695123791694641
0.0,6.403627139661694e-07
0.0,0.011326572857797146
0.0,0.0006401537102647126
0.0,0.0010646451264619827
0.0,0.056877292692661285
0.0,2.5950222948267765e-07
0.0,0.007149548269808292
0.0,7.795528654241934e-05
0.0,0.0010044388473033905
0.0,0.0375094972550869
0.0,0.00022433829144574702
0.0,3.523539149341559e-08
0.0,4.4098158014094224e-08
0.0,5.283416612655856e-06
0.0,2.403361395408865e-05
0.0,0.011060919612646103
0.0,8.927285671234131e-05
0.0,6.660697327021126e-09
0.0,0.2178538292646408
0.0,0.08267119526863098
0.0,0.16620798408985138
0.0,0.0003428220225032419
0.0,0.4059629738330841
0.0,0.004521927796304226
0.0,0.0007447414682246745
0.0,0.002030862495303154
0.0,4.754542896989733e-05
0.0,0.0008245460921898484
0.0,0.4936007261276245
0.0,0.005717732943594456
0.0,0.00011407147394493222
0.0,0.002757926704362035
0.0,1.1616467418207321e-05
0.0,0.12295719236135483
0.0,1.4000715964357369e-06
0.0,0.00024076564295683056
0.0,0.005931693594902754
0.0,2.6530891773290932e-05
0.0,2.844217128483706e-08
0.0,0.007391634862869978
0.0,0.10206281393766403
0.0,5.484291250468232e-05
0.0,0.0006877396954223514
0.0,5.68774739804212e-05
0.0,2.500128175597638e-06
0.0,1.452822395719977e-08
0.0,0.011264415457844734
0.0,4.238339812445702e-08
0.0,0.0363655611872673
0.0,0.030156433582305908
0.0,0.4524950385093689
0.0,2.643026846271823e-07
0.0,0.01017435360699892
0.0,8.038674423005432e-06
0.0,0.004250326659530401
0.0,0.25719115138053894
0.0,0.013598239049315453
0.0,0.0024619996547698975
0.0,0.38838887214660645
0.0,0.0028556662146002054
0.0,3.0187507604750863e-07
0.0,3.032458153029438e-05
0.0,0.0009123407653532922
0.0,0.0005764939123764634
0.0,0.0005143358139321208
0.0,1.957957351805817e-07
0.0,0.0017267910297960043
0.0,0.0003257766948081553
0.0,0.041756801307201385
0.0,0.0004351696406956762
0.0,2.6851193979382515e-06
0.0,0.04014124721288681
0.0,1.55726356751984e-05
0.0,8.163211617784327e-08
0.0,0.004802787210792303
0.0,0.012235873378813267
0.0,0.01977461390197277
0.0,0.0842277854681015
0.0,0.006027377210557461
0.0,0.0016414562705904245
0.0,0.09365998953580856
0.0,0.018027769401669502
0.0,0.04913118854165077
0.0,0.6019068360328674
0.0,0.00923270732164383
0.0,0.001740541192702949
0.0,0.000360958743840456
0.0,0.0006117593729868531
0.0,0.0007741355802863836
0.0,0.11936014145612717
0.0,5.271952474572572e-08
0.0,0.6601503491401672
0.0,0.026623142883181572
0.0,0.017078746110200882
0.0,0.022340450435876846
0.0,8.454191265627742e-05
0.0,1.8668411261302253e-09
0.0,7.76818887970876e-06
0.0,0.10888293385505676
0.0,0.004673493094742298
0.0,9.383382959526898e-09
0.0,0.00016040857008192688
0.0,0.7410811185836792
0.0,0.15138959884643555
0.0,0.015030890703201294
0.0,8.370274144908763e-07
0.0,0.15374590456485748
0.0,0.021157637238502502
0.0,0.0012806246522814035
0.0,0.005045215133577585
0.0,0.00018650847778189927
0.0,0.18601752817630768
0.0,0.020953580737113953
0.0,3.631079744081944e-05
0.0,0.01923733577132225
0.0,3.820163328782655e-05
0.0,0.0004781641473527998
0.0,0.02087511122226715
0.0,9.213927842210978e-05
0.0,0.00023519816750194877
0.0,8.125668682623655e-05
0.0,0.00045606805360876024
0.0,0.0006275313207879663
0.0,6.425049718927767e-07
0.0,0.0038956960197538137
0.0,0.005903382785618305
0.0,0.04429418966174126
0.0,0.020582100376486778
0.0,0.011485464870929718
0.0,2.4279470380861312e-06
0.0,0.0008423308026976883
0.0,0.0071111698634922504
0.0,0.06835739314556122
0.0,0.04220006614923477
0.0,0.011442537419497967
0.0,0.011387055739760399
0.0,7.811670911905821e-06
0.0,2.1992359044986642e-09
0.0,0.14615890383720398
0.0,0.003458417486399412
0.0,0.007040028460323811
0.0,3.992354606907611e-07
0.0,0.013068342581391335
0.0,0.05516177415847778
0.0,0.0006392081850208342
0.0,0.31621405482292175
0.0,1.465623313379183e-06
0.0,1.0042555004474707e-05
0.0,0.07888177037239075
0.0,0.015949681401252747
0.0,0.0003755397046916187
0.0,3.637806457845727e-06
0.0,3.9802907849662006e-05
0.0,0.01371959038078785
0.0,0.15044400095939636
0.0,1.9507124306983314e-05
0.0,0.00915673840790987
0.0,2.3054911935105338e-07
0.0,0.0341341458261013
0.0,0.002522350288927555
0.0,0.001519792596809566
0.0,0.270586222410202
0.0,0.010461017489433289
0.0,0.0008708261302672327
0.0,0.0025025703944265842
0.0,0.040438488125801086
0.0,7.106368229869986e-06
0.0,0.00607330072671175
0.0,0.17653562128543854
0.0,0.002664560917764902
0.0,0.09581364691257477
0.0,0.019053181633353233
0.0,1.5414948961733899e-07
0.0,0.07795191556215286
0.0,7.865215593483299e-06
0.0,3.5737131838686764e-05
0.0,0.00158722884953022
0.0,0.13260425627231598
0.0,7.982587391097695e-08
0.0,1.004306682261813e-07
0.0,2.350417460661447e-08
0.0,7.573344760203327e-07
0.0,5.612435529656068e-07
0.0,2.1789146043005303e-09
0.0,0.015479364432394505
0.0,0.07406937330961227
0.0,0.03633366525173187
0.0,0.007471908815205097
0.0,6.067637968953932e-06
0.0,6.737621151842177e-05
0.0,0.00027733310707844794
0.0,0.0011345569510012865
0.0,1.7377737094648182e-05
0.0,0.011214736849069595
0.0,0.001639108289964497
0.0,5.4518004617420956e-05
0.0,0.011279498226940632
0.0,0.8083068132400513
0.0,7.383924298665079e-07
0.0,0.00019468371465336531
0.0,0.0008136960677802563
0.0,0.000479957670904696
0.0,1.2600190757439123e-07
0.0,0.0415206253528595
0.0,0.03051145374774933
0.0,0.26239556074142456
0.0,0.3100869953632355
0.0,0.0297550018876791
0.0,0.0001345857308479026
0.0,4.01575334763038e-06
0.0,0.00018997247389052063
0.0,2.6770660042529926e-05
0.0,0.49879756569862366
0.0,0.0015144330682232976
0.0,0.8106366991996765
0.0,0.012141375802457333
0.0,3.3287255064351484e-05
0.0,0.0009016803815029562
0.0,3.6315021134214476e-05
0.0,5.767293259850703e-05
0.0,0.00015171125414781272
0.0,1.1281135812168941e-05
0.0,0.8121645450592041
0.0,9.174045408144593e-05
0.0,0.0012893755920231342
0.0,0.01211349107325077
0.0,0.0002268631214974448
0.0,0.005379123147577047
0.0,0.013104535639286041
0.0,6.406263128155842e-05
0.0,0.0018070930382236838
0.0,1.167628170151147e-06
0.0,0.09268653392791748
0.0,2.1962556274957024e-05
0.0,0.5012867450714111
0.0,0.0022602472454309464
0.0,0.00014042467228136957
0.0,0.0004390156245790422
0.0,0.010350508615374565
0.0,0.0262925885617733
0.0,0.0005284411017782986
0.0,0.0023521920666098595
0.0,4.1982664697570726e-05
0.0,0.06571370363235474
0.0,4.01389661419671e-06
0.0,1.1528948562045116e-05
0.0,0.00019683076243381947
0.0,0.003421560861170292
0.0,0.0002577902632765472
0.0,0.03212951123714447
0.0,0.0009824197040870786
0.0,3.685836986733193e-07
0.0,0.1244431883096695
0.0,0.10608838498592377
0.0,0.001052515348419547
0.0,1.8361708498559892e-05
0.0,0.0461769700050354
0.0,0.000927147688344121
0.0,0.004165708087384701
0.0,1.6766340195317753e-05
0.0,0.0027637977618724108
0.0,0.03308301046490669
0.0,4.491895015235059e-05
0.0,0.10358335822820663
0.0,0.003657140303403139
0.0,0.052923593670129776
0.0,9.331046726401837e-07
0.0,8.168990461854264e-05
0.0,1.1327159654683783e-08
0.0,0.00011228408402530476
0.0,0.000532660458702594
0.0,0.22817237675189972
0.0,8.385635737795383e-06
0.0,0.006701443810015917
0.0,1.706613511487376e-05
0.0,0.5052764415740967
0.0,0.0001070997750503011
0.0,0.009796593338251114
0.0,0.010858461260795593
0.0,0.03528374806046486
0.0,0.19971564412117004
0.0,0.0003288280568085611
0.0,6.184616552218358e-08
0.0,0.04201531410217285
0.0,0.0016104186652228236
0.0,2.1993676568854426e-07
0.0,0.0058418214321136475
0.0,7.791143434587866e-05
0.0,0.014366108924150467
0.0,2.829284255767561e-07
0.0,0.007261333987116814
0.0,0.15258967876434326
0.0,0.003922298084944487
0.0,0.52482670545578
0.0,0.0018434225348755717
0.0,0.2769726812839508
0.0,0.060434337705373764
0.0,2.0789303789570113e-07
0.0,0.013876985758543015
0.0,0.029156822711229324
0.0,0.20743031799793243
0.0,0.07320694625377655
0.0,1.2974211131222546e-05
0.0,0.0009649815037846565
0.0,0.004531476646661758
0.0,5.362243246054277e-05
0.0,0.0001159358216682449
0.0,0.014157417230308056
0.0,0.0004315294499974698
0.0,0.02667255513370037
0.0,4.153893314651214e-06
0.0,0.0032408826518803835
0.0,6.680170190520585e-05
0.0,2.651264367159456e-06
0.0,0.08579127490520477
0.0,0.03529974818229675
0.0,0.0003295011993031949
0.0,2.5435772932347334e-10
0.0,0.00021458716946654022
0.0,0.00015844558947719634
0.0,0.01147020235657692
0.0,1.1832211384898983e-05
0.0,8.630231604911387e-06
0.0,0.00014897692017257214
0.0,0.001118371495977044
0.0,0.08869776129722595
0.0,0.0002620273735374212
0.0,3.3368732488270325e-07
0.0,0.001812129165045917
0.0,0.08286966383457184
0.0,2.61975906462944e-13
0.0,6.061723252059892e-05
0.0,0.0016399557935073972
0.0,0.0012952269753441215
0.0,5.601099837804213e-05
0.0,0.03403351828455925
0.0,0.00011771742720156908
0.0,0.0001382989139528945
0.0,0.0010924043599516153
0.0,0.05603261664509773
0.0,0.003662687260657549
0.0,0.008876459673047066
0.0,1.1400003131711856e-05
0.0,1.8641611632119748e-06
0.0,0.03807812184095383
0.0,0.0003373426734469831
0.0,0.00017890066374093294
0.0,0.926120936870575
0.0,2.8707736987598764e-07
0.0,0.0007695319945923984
0.0,9.651468069193925e-09
0.0,0.00013066410610917956
0.0,0.00024296237097587436
0.0,0.18974047899246216
0.0,5.406594027590472e-06
0.0,0.08634677529335022
0.0,7.419578469125554e-05
0.0,0.008155164308845997
0.0,0.010478643700480461
0.0,5.6845270592020825e-05
0.0,0.3983067572116852
0.0,7.815426215529442e-06
0.0,0.0003254370531067252
0.0,0.8221803903579712
0.0,0.002680610865354538
0.0,0.006275472696870565
0.0,0.0003304729762021452
0.0,0.02301533706486225
0.0,2.8907047422421783e-08
0.0,0.00764564611017704
0.0,2.7620008040685207e-05
0.0,0.0001526767446193844
0.0,3.2087257295643212e-06
0.0,0.05805376172065735
0.0,2.0022376645556506e-07
0.0,0.07522362470626831
0.0,0.00134474434889853
0.0,0.00021467087208293378
0.0,0.42130064964294434
0.0,1.8293594070128982e-11
0.0,0.368548721075058
0.0,3.094520070590079e-05
0.0,4.239239842718234e-06
0.0,6.441246114263777e-07
0.0,0.0005522675346583128
0.0,0.007668501231819391
0.0,0.15075519680976868
0.0,0.04373221844434738
0.0,6.697737262584269e-05
0.0,0.05729685723781586
0.0,2.0927313926222268e-07
0.0,0.00023410680296365172
0.0,0.00045257917372509837
0.0,0.08924125134944916
0.0,0.0014276705915108323
0.0,0.00505252368748188
0.0,0.00013420612958725542
0.0,0.003141552908346057
0.0,3.1777446451997093e-07
0.0,0.027021802961826324
0.0,4.959026114192966e-07
0.0,0.0005795909673906863
0.0,0.20108148455619812
0.0,0.08164294064044952
0.0,1.4311289305624086e-05
0.0,1.4495236428047065e-05
0.0,0.00022150485892780125
0.0,0.12509685754776
0.0,0.0009225005051121116
0.0,0.09194089472293854
0.0,0.025670873001217842
0.0,4.729359716293402e-05
0.0,0.0014832322485744953
0.0,0.10945699363946915
0.0,0.0018832325004041195
0.0,0.0004541178641375154
0.0,0.247621089220047
0.0,0.11695672571659088
0.0,0.10480309277772903
0.0,1.0761564226413611e-05
0.0,0.1385689377784729
0.0,4.0022066968958825e-05
0.0,0.004202613141387701
0.0,3.479790029814467e-05
0.0,0.007356658577919006
0.0,3.5305023970977345e-07
0.0,0.000521478708833456
0.0,0.00039294673479162157
0.0,0.38429775834083557
0.0,1.1114313565485645e-05
0.0,0.11182260513305664
0.0,0.0012186795938760042
0.0,0.012829532846808434
0.0,0.0019573168829083443
0.0,8.387845582547016e-07
0.0,7.479582677660801e-07
0.0,8.887584408512339e-05
0.0,2.8751472200383432e-05
0.0,0.07599059492349625
0.0,2.693944978204854e-08
0.0,0.00020687170035671443
0.0,0.0021708649583160877
0.0,0.30341172218322754
0.0,2.0716759536298923e-05
0.0,0.0001586282014613971
0.0,0.06941159069538116
0.0,0.02405673637986183
0.0,0.024252399802207947
0.0,0.04908514395356178
0.0,0.03427116945385933
0.0,0.0027994969859719276
0.0,0.10440465062856674
0.0,0.04907809942960739
0.0,0.0006072836113162339
0.0,0.004328617826104164
0.0,7.096626359270886e-05
0.0,1.1311040907457937e-05
0.0,0.0008645307971164584
0.0,6.573515065610991e-08
0.0,2.4870014385669492e-06
0.0,9.28168992686551e-06
0.0,2.1485300294443732e-07
0.0,8.264572102234524e-07
0.0,3.270792376497411e-06
0.0,2.007599135822602e-07
0.0,4.281424548224777e-09
0.0,0.07908335328102112
0.0,0.05097182095050812
0.0,0.20647132396697998
0.0,1.7587473166713607e-06
0.0,0.1991555541753769
0.0,0.01049045193940401
0.0,0.06114450842142105
0.0,0.00016608597070444375
0.0,0.17436973750591278
0.0,4.231575019275624e-07
0.0,0.14269107580184937
0.0,0.14939650893211365
0.0,0.03729527071118355
0.0,1.5869312846916728e-05
0.0,1.6553999557800125e-06
0.0,0.23804962635040283
0.0,0.00023944131680764258
0.0,0.0007218702230602503
0.0,0.22528181970119476
0.0,0.4158821702003479
0.0,0.24007268249988556
0.0,0.10709523409605026
0.0,0.0015177635941654444
0.0,0.02677316404879093
0.0,1.477543492001132e-07
0.0,5.127422358225386e-12
0.0,0.023534167557954788
0.0,0.0038780795875936747
0.0,0.009730975143611431
0.0,1.8541861209087074e-05
0.0,0.005073260050266981
0.0,1.0440311598358676e-05
0.0,0.00015721304225735366
0.0,6.13503871136345e-05
0.0,0.02520843967795372
0.0,0.04281189665198326
0.0,1.8803159036906436e-05
0.0,0.0844222903251648
0.0,0.21909944713115692
0.0,0.0005057225935161114
0.0,0.001074436237104237
0.0,0.0011797200422734022
0.0,0.09957949072122574
0.0,8.61606892499367e-08
0.0,0.010447846725583076
0.0,0.005703537724912167
0.0,0.07605355978012085
0.0,2.4168419002212893e-11
0.0,1.7402413504896685e-05
0.0,4.001050547230989e-05
0.0,0.0041305734775960445
0.0,0.002860947512090206
0.0,1.2469192824937636e-06
0.0,0.00028723941068165004
0.0,0.00566305173560977
0.0,0.024179354310035706
0.0,0.002530981320887804
0.0,0.13979464769363403
0.0,0.007472686469554901
0.0,0.00027317964122630656
0.0,0.09343339502811432
0.0,1.440901542082429e-06
0.0,8.380004155872367e-12
0.0,0.8313400149345398
0.0,0.09642887860536575
0.0,0.0013930995482951403
0.0,0.00028030769317410886
0.0,6.0188391216797754e-05
0.0,0.13464899361133575
0.0,0.5849741101264954
0.0,8.904958667699248e-05
0.0,0.011034355498850346
0.0,0.16222383081912994
0.0,0.28095635771751404
0.0,0.043340593576431274
0.0,4.11827477364568e-06
0.0,0.020698130130767822
0.0,0.003734314814209938
0.0,0.577412486076355
0.0,0.01735837198793888
0.0,0.0001225471351062879
0.0,0.4064205586910248
0.0,0.00033540240838192403
0.0,0.0006139208562672138
0.0,0.004598776809871197
0.0,0.06468062847852707
0.0,0.00038396636955440044
0.0,0.0017137285321950912
0.0,2.0327476590864535e-08
0.0,0.004483295138925314
0.0,4.6413319068960845e-05
0.0,0.0029754755087196827
0.0,0.00599838187918067
0.0,1.4001296122501117e-08
0.0,0.0003125955699943006
0.0,0.002899915911257267
0.0,0.006222970318049192
0.0,0.014864654280245304
0.0,0.13129974901676178
0.0,2.3270349629456177e-05
0.0,2.7210544431000017e-06
0.0,0.17755532264709473
0.0,1.996593681496961e-07
0.0,0.04976535215973854
0.0,4.098146177966555e-07
0.0,7.411057595163584e-05
0.0,0.020548325031995773
0.0,7.57684392738156e-05
0.0,0.0024114237166941166
0.0,0.030178170651197433
0.0,6.313563062576577e-06
0.0,2.4414033759967424e-05
0.0,0.002634421456605196
0.0,0.0007950708968564868
0.0,0.5501148104667664
0.0,4.6541299525415525e-06
0.0,0.20171180367469788
0.0,0.025007808580994606
0.0,0.2540580928325653
0.0,0.0003555502917151898
0.0,0.003587270388379693
0.0,1.9775168880187266e-07
0.0,0.0014903928386047482
0.0,0.009215719997882843
0.0,0.026402723044157028
0.0,3.8365960790542886e-05
0.0,0.0005636629648506641
0.0,0.24561934173107147
0.0,0.00033025629818439484
0.0,0.0076624187640845776
0.0,0.1292092204093933
0.0,0.0037820064462721348
0.0,0.0006927938666194677
0.0,3.415326688127607e-08
0.0,2.249232920803479e-06
0.0,1.7347118728139321e-06
0.0,0.0019794877152889967
0.0,0.0030761812813580036
0.0,0.020135890692472458
0.0,0.0004174186324235052
0.0,1.7838713119999738e-06
0.0,5.34256651008036e-05
0.0,0.10584849119186401
0.0,4.2292053876735736e-06
0.0,0.0013163471594452858
0.0,0.0021843640133738518
0.0,9.845543900155462e-07
0.0,0.5179624557495117
0.0,1.0568197694738046e-06
0.0,0.0004610232135746628
0.0,0.03724689409136772
0.0,0.00022763924789614975
0.0,1.966345553228166e-05
0.0,0.001650704536587
0.0,1.297608014283469e-05
0.0,0.03377809002995491
0.0,1.2029616300424095e-05
0.0,0.004959095735102892
0.0,0.057171326130628586
0.0,0.00016204023268073797
0.0,0.008332723751664162
0.0,0.003924787975847721
0.0,0.00559039693325758
0.0,1.0067688890558202e-05
0.0,4.9123660573968664e-05
0.0,0.21539761126041412
0.0,4.332768639869755e-06
0.0,3.32787458319217e-05
0.0,0.392892986536026
0.0,4.197142061457271e-06
0.0,3.6446780882215535e-07
0.0,0.008504356257617474
0.0,0.014394602738320827
0.0,0.5163084268569946
0.0,0.47260379791259766
0.0,0.00017806065443437546
0.0,4.508137010361679e-07
0.0,0.4703139066696167
0.0,0.0375494547188282
0.0,0.001043199677951634
0.0,0.024663180112838745
0.0,5.1102320292040204e-11
0.0,0.1420849859714508
0.0,1.2625414456124417e-05
0.0,2.4689692068591285e-08
0.0,0.041083045303821564
0.0,0.0004505702236201614
0.0,0.14759840071201324
0.0,0.004870000295341015
0.0,5.680403046426363e-05
0.0,4.006419112556614e-05
0.0,0.08523790538311005
0.0,9.094564302358776e-05
0.0,0.2655041813850403
0.0,0.0004303684982005507
0.0,0.005921178497374058
0.0,4.0223486763579785e-09
0.0,7.739438842691015e-06
0.0,7.857668970245868e-05
0.0,0.28865575790405273
0.0,0.47294679284095764
0.0,4.269887767804903e-07
0.0,1.0299114364897832e-05
0.0,0.0030371767934411764
0.0,0.007814276963472366
0.0,0.0015044149477034807
0.0,0.0003487156063783914
0.0,6.0263976031649236e-09
0.0,0.004109783098101616
0.0,0.5659765005111694
0.0,7.4020545071107335e-06
0.0,0.00039976395783014596
0.0,0.019704768434166908
0.0,0.0007699299603700638
0.0,4.663573417929001e-05
0.0,0.8183769583702087
0.0,0.008121900260448456
0.0,0.32413798570632935
0.0,1.1951263589882188e-10
0.0,0.0002369511203141883
0.0,0.00015346563304774463
0.0,1.9079270714428276e-05
0.0,0.002248738193884492
0.0,0.010061655193567276
0.0,0.000306146452203393
0.0,0.0007682120776735246
0.0,0.006105878856033087
0.0,0.0001148203227785416
0.0,4.251728023518808e-05
0.0,2.0682391550508328e-05
0.0,0.00013296748511493206
0.0,0.00010876552551053464
0.0,0.17724689841270447
0.0,0.0019170894520357251
0.0,1.1929617357964162e-05
0.0,0.06438592821359634
0.0,0.39452922344207764
0.0,0.0021531374659389257
0.0,8.541977081222285e-08
0.0,0.0006583343492820859
0.0,3.099160039710114e-07
0.0,0.0008142630686052144
0.0,1.7142086861099415e-08
0.0,0.8775757551193237
0.0,0.3375283479690552
0.0,0.00012249410792719573
0.0,0.06795544177293777
0.0,0.0034662357065826654
0.0,0.002607084345072508
0.0,4.740504100375631e-10
0.0,0.000526639458257705
0.0,2.1450226995511912e-05
0.0,0.00010787125211209059
0.0,0.004839150235056877
0.0,4.8134810640476644e-05
0.0,0.030299611389636993
0.0,0.5582993030548096
0.0,0.01563865691423416
0.0,0.0004547764838207513
0.0,0.004559761378914118
0.0,0.006587889976799488
0.0,0.3664510250091553
0.0,0.0038678289856761694
0.0,0.08179115504026413
0.0,4.827649172511883e-05
0.0,3.203220330760814e-05
0.0,0.05537954345345497
0.0,0.09440591186285019
0.0,0.0002182560128858313
0.0,0.8887187242507935
0.0,0.05305173993110657
0.0,0.11240000277757645
0.0,0.09194833785295486
0.0,0.10517294704914093
0.0,0.001239356235601008
0.0,0.0016131603624671698
0.0,0.021621888503432274
0.0,0.11273620277643204
0.0,0.09799027442932129
0.0,0.0371633917093277
0.0,0.05384118854999542
0.0,0.0388462096452713
0.0,0.0025266355369240046
0.0,6.817134271841496e-05
0.0,0.16655433177947998
0.0,0.00011173647362738848
0.0,0.004482273943722248
0.0,3.37126209615235e-07
0.0,0.13273686170578003
0.0,0.169754296541214
0.0,0.1347890943288803
0.0,0.014281497336924076
0.0,0.0057340459898114204
0.0,1.8953075553440613e-08
0.0,1.325307152910682e-06
0.0,1.364711232909599e-09
0.0,0.00034070873516611755
0.0,0.014031629078090191
0.0,1.6280440831906162e-05
0.0,0.120750293135643
0.0,6.301634857663885e-05
0.0,1.6937583495746367e-06
0.0,7.935636676847935e-05
0.0,9.397305257152766e-05
0.0,0.2081042379140854
0.0,0.11609309166669846
0.0,0.02184358984231949
0.0,0.027382856234908104
0.0,0.00136944476980716
0.0,0.08758469671010971
0.0,0.22196926176548004
0.0,2.281567077488944e-07
0.0,0.016341431066393852
0.0,0.2625918388366699
0.0,6.680224942101631e-06
0.0,2.399986875900595e-08
0.0,0.049969952553510666
0.0,0.14589034020900726
0.0,0.0002613372926134616
0.0,0.056815993040800095
0.0,0.4828392565250397
0.0,0.7591181397438049
0.0,0.0003753111814148724
0.0,1.0258493603032548e-05
0.0,1.0785214726638515e-05
0.0,0.005409069824963808
0.0,0.09659729152917862
0.0,0.021014364436268806
0.0,0.020543018355965614
0.0,0.04652916267514229
0.0,0.00015444523887708783
0.0,0.00011709719547070563
0.0,0.27874812483787537
0.0,0.2359750121831894
0.0,8.337006432435068e-12
0.0,9.694280100891461e-11
0.0,0.0018464529421180487
0.0,0.0762035921216011
0.0,0.00913259107619524
0.0,4.773856562678702e-05
0.0,3.3617277495068265e-06
0.0,0.0013762565795332193
0.0,0.007417646702378988
0.0,2.6444906325195916e-05
0.0,0.2545433044433594
0.0,0.051903218030929565
0.0,0.0035757909063249826
0.0,0.00033289738348685205
0.0,0.0006535155698657036
0.0,0.0036579794250428677
0.0,7.697584436527904e-08
0.0,0.14420878887176514
0.0,5.797333869850263e-05
0.0,0.00033341447124257684
0.0,0.1316281110048294
0.0,0.4704408049583435
0.0,0.005464144051074982
0.0,3.5116259823553264e-05
0.0,0.44529929757118225
0.0,0.1082570031285286
0.0,1.1907169209735002e-05
0.0,0.033660996705293655
0.0,0.06199852004647255
0.0,3.2169442221174904e-08
0.0,2.4923792807385325e-05
0.0,6.801677045586985e-06
0.0,0.011746194213628769
0.0,0.00014141931023914367
0.0,0.026012016460299492
0.0,1.889650957309641e-05
0.0,0.013697638176381588
0.0,0.011246012523770332
0.0,0.018758412450551987
0.0,5.1546365284593776e-05
0.0,0.08891110122203827
0.0,0.0009813369251787663
0.0,0.03047393448650837
0.0,0.006010725162923336
0.0,2.8009926609229296e-06
0.0,0.041748128831386566
0.0,0.6464627385139465
0.0,9.68021631706506e-05
0.0,0.0002781855291686952
0.0,0.28248676657676697
0.0,1.2992499250685796e-05
0.0,0.0028994388412684202
0.0,0.053447965532541275
0.0,0.5947412252426147
0.0,0.0502418652176857
0.0,1.0045390808954835e-05
0.0,0.007445306517183781
0.0,0.015076501294970512
0.0,0.002078465884551406
0.0,0.013730073347687721
0.0,0.0008932119817472994
0.0,0.0026107619050890207
0.0,0.11833906918764114
0.0,0.00016968591080512851
0.0,0.10401906818151474
0.0,1.4948634344258416e-11
0.0,0.20454789698123932
0.0,0.018879935145378113
0.0,0.017962584272027016
0.0,0.010286800563335419
0.0,0.011588013730943203
0.0,0.007393520791083574
0.0,0.03621711954474449
0.0,0.0011497401865199208
0.0,0.0018854881636798382
0.0,0.000996440532617271
0.0,5.609192157862708e-05
0.0,0.0009012212976813316
0.0,0.17901656031608582
0.0,0.2875324785709381
0.0,0.00011169579374836758
0.0,0.38146641850471497
0.0,0.4536837041378021
0.0,0.0060950457118451595
0.0,0.26530182361602783
0.0,0.12303120642900467
0.0,2.7358017177903093e-05
0.0,1.9432720819168026e-06
0.0,0.00015557224105577916
0.0,0.00018639380868989974
0.0,2.0414730897755362e-05
0.0,0.0013754494721069932
0.0,0.48745352029800415
0.0,0.002343116793781519
0.0,0.21722151339054108
0.0,0.06707247346639633
0.0,0.2029450684785843
0.0,0.0017153526423498988
0.0,0.0009739018860273063
0.0,2.4409317234130867e-07
0.0,2.2208798782230588e-06
0.0,0.026742449030280113
0.0,0.08833543956279755
0.0,4.395429641590454e-05
0.0,0.08491549640893936
0.0,0.23517002165317535
0.0,2.4855811716406606e-05
0.0,0.4303809404373169
0.0,0.00020911464525852352
0.0,0.0005953258951194584
0.0,0.0037356188986450434
0.0,0.007596060633659363
0.0,0.04425511881709099
0.0,0.27915123105049133
0.0,0.40273386240005493
0.0,4.1524235712131485e-06
0.0,0.019073501229286194
0.0,1.3166558687771612e-07
0.0,0.4543328881263733
0.0,6.399878316187824e-07
0.0,3.141173510812223e-05
0.0,2.3312558480870216e-11
0.0,1.89046613741084e-06
0.0,9.356758567946599e-08
0.0,9.049329618981972e-10
0.0,0.00025113625451922417
0.0,0.00670694699510932
0.0,3.2286860118801997e-07
0.0,9.487607712799218e-06
0.0,1.0722068566337839e-08
0.0,6.908625073265284e-05
0.0,0.00015198954497464
0.0,0.0013887230306863785
0.0,0.019685281440615654
0.0,7.595504669666298e-09
0.0,7.630431355210021e-06
0.0,1.0002557360166975e-07
0.0,4.662048880277325e-08
0.0,0.0001798800949472934
0.0,0.028080567717552185
0.0,0.009647492319345474
0.0,0.02464332804083824
0.0,3.156148159177974e-05
0.0,2.5934592486009933e-05
0.0,0.0005369983846321702
0.0,0.01693827286362648
0.0,0.002457647118717432
0.0,2.8237041078682523e-06
0.0,1.1494137652334757e-05
0.0,0.0909944400191307
0.0,0.00043598865158855915
0.0,0.03675084933638573
0.0,1.0200993756370735e-06
0.0,1.2590149708557874e-05
0.0,0.10657058656215668
0.0,0.0008024375420063734
0.0,3.512108378345147e-05
0.0,1.3582101132669777e-07
0.0,0.2612071633338928
0.0,0.00424728449434042
0.0,0.08960247784852982
0.0,1.0258768270432483e-06
0.0,0.04176436364650726
0.0,1.868846084107645e-05
0.0,1.3027211025473662e-06
0.0,0.0008623267058283091
0.0,2.5371803076268407e-06
0.0,0.20190094411373138
0.0,0.00019740192510653287
0.0,0.11109764128923416
0.0,3.9190555980894715e-05
0.0,0.008834385313093662
0.0,0.24963635206222534
0.0,0.29060402512550354
0.0,0.08560749143362045
0.0,2.490005863364786e-05
0.0,0.034194085747003555
0.0,0.00013278136611916125
0.0,0.003900825046002865
0.0,0.10834695398807526
0.0,7.597261719638482e-05
0.0,0.0013232599012553692
0.0,0.005657858680933714
0.0,1.4338776054501068e-05
0.0,0.2762187719345093
0.0,0.08783142268657684
0.0,0.0001275072427233681
0.0,0.2577238380908966
0.0,0.04015253111720085
0.0,0.22203828394412994
0.0,0.016573986038565636
0.0,0.033813536167144775
0.0,0.00016129783762153238
0.0,1.0993464456987567e-05
0.0,1.3413028909781133e-06
0.0,0.006160315591841936
0.0,0.0005870850873179734
0.0,0.00021348026348277926
0.0,0.00041921884985640645
0.0,0.0009605202940292656
0.0,8.636501434011734e-07
0.0,0.04648642987012863
0.0,7.956318768265191e-06
0.0,2.790812025921241e-08
0.0,1.2226875014675898e-06
0.0,0.1431305706501007
0.0,0.0006112351547926664
0.0,0.008846113458275795
0.0,0.0029954151250422
0.0,5.164612559838133e-08
0.0,0.36252832412719727
0.0,0.23127548396587372
0.0,0.0034833578392863274
0.0,0.35817521810531616
0.0,0.0005366519908420742
0.0,0.009794303216040134
0.0,1.970894300029613e-05
0.0,0.013439674861729145
0.0,3.4676151727808247e-08
0.0,0.09154000133275986
0.0,0.8657980561256409
0.0,2.099903031194117e-05
0.0,3.7541487927228445e-06
0.0,0.020826421678066254
0.0,0.021483855322003365
0.0,0.0002872224140446633
0.0,8.170811724994564e-07
0.0,0.3079160451889038
0.0,0.003984409850090742
0.0,0.0014048757730051875
0.0,1.0931049700957374e-06
0.0,0.00022867471852805465
0.0,0.0029896050691604614
0.0,0.14736682176589966
0.0,0.0009780490072444081
0.0,1.2881363545602653e-05
0.0,1.3623565564557794e-06
0.0,0.0002742948418017477
0.0,0.0026559035759419203
0.0,0.000690795190166682
0.0,0.04009251296520233
0.0,0.241684228181839
0.0,0.0015231262659654021
0.0,7.646178801223869e-08
0.0,1.4822167031525169e-06
0.0,0.0025585650000721216
0.0,0.04040994867682457
0.0,0.014181423000991344
0.0,0.07615763694047928
0.0,0.0028878930024802685
0.0,0.0290431659668684
0.0,1.4114640123352729e-07
0.0,0.0004579973465297371
0.0,1.1858724064950366e-05
0.0,1.0484691301826388e-05
0.0,6.919640895830526e-07
0.0,3.554143768269569e-05
0.0,1.495759715908207e-05
0.0,0.33036234974861145
0.0,0.010749411769211292
0.0,2.6411294129502494e-07
0.0,0.2568838596343994
0.0,0.0026356219314038754
0.0,0.0068071442656219006
0.0,0.04070715606212616
0.0,0.009634589776396751
0.0,1.58912278891421e-08
0.0,0.07761195302009583
0.0,0.004400844220072031
0.0,0.8417674899101257
0.0,0.0042333840392529964
0.0,0.00019626870926003903
0.0,0.09041453152894974
0.0,5.1995779358549044e-05
0.0,0.005537251941859722
0.0,0.013673417270183563
0.0,0.4698561728000641
0.0,0.0010741937439888716
0.0,0.023335495963692665
0.0,0.007682669907808304
0.0,3.738383384188637e-05
0.0,0.0006210257415659726
0.0,0.715564489364624
0.0,0.00018344195268582553
0.0,0.0004824149946216494
0.0,6.168282561702654e-05
0.0,0.011157862842082977
0.0,0.0058321780525147915
0.0,0.003671347163617611
0.0,1.0285859275427356e-07
0.0,0.30432188510894775
0.0,1.3231955335868406e-06
0.0,0.0004774597764480859
0.0,0.00022750059724785388
0.0,0.09297481179237366
0.0,0.004880547057837248
0.0,0.0002923966385424137
0.0,8.274194260593504e-05
0.0,0.010012904182076454
0.0,0.025252582505345345
0.0,3.732017648871988e-05
0.0,0.0015712424647063017
0.0,0.00220677861943841
0.0,0.4292588531970978
0.0,0.0014629386132583022
0.0,1.796138682230719e-09
0.0,1.6588958260399522e-06
0.0,5.325067498063163e-09
0.0,0.15708807110786438
0.0,0.016972018405795097
0.0,1.7715775678037171e-12
0.0,0.17536133527755737
0.0,0.04689555987715721
0.0,9.556949720490593e-08
0.0,0.0006130820256657898
0.0,0.0003652684681583196
0.0,0.029153557494282722
0.0,8.216071023525728e-08
0.0,0.009403714910149574
0.0,1.94006715901196e-05
0.0,0.0014173209201544523
0.0,1.7483856936451048e-05
0.0,0.002422778867185116
0.0,1.9962573787779547e-05
0.0,0.0005608505452983081
0.0,0.009157538414001465
0.0,0.05491601675748825
0.0,0.09474309533834457
0.0,0.014609853737056255
0.0,1.8754849406832363e-07
0.0,0.10623687505722046
0.0,0.02711065113544464
0.0,0.0001341543102171272
0.0,0.0019310694187879562
0.0,0.005893216002732515
0.0,0.1604834944009781
0.0,0.0028945794329047203
0.0,0.00010876043961616233
0.0,1.3058845671487518e-10
0.0,0.04072713479399681
0.0,0.0003936405119020492
0.0,2.903314566538029e-07
0.0,5.741507266066037e-05
0.0,0.10502447187900543
0.0,2.3869022243161453e-06
0.0,3.103205192811487e-10
0.0,0.6279974579811096
0.0,1.1117207350253011e-06
0.0,3.072974408269147e-08
0.0,2.7071575334897385e-15
0.0,0.007289794739335775
0.0,3.4189430152764544e-05
0.0,0.00014489456953015178
0.0,0.0008147935732267797
0.0,2.959010316772037e-06
0.0,6.837635737610981e-07
0.0,0.09169335663318634
0.0,0.0047262669540941715
0.0,0.06644405424594879
0.0,0.025639889761805534
0.0,0.03381161764264107
0.0,0.0029341676272451878
0.0,6.432304871850647e-06
0.0,0.005529933143407106
0.0,0.17541617155075073
0.0,2.4497794015587715e-07
0.0,0.017452286556363106
0.0,0.3095998764038086
0.0,0.000491656712256372
0.0,0.0006372325005941093
0.0,0.018807770684361458
0.0,0.0010164686245843768
0.0,4.7028424887685105e-06
0.0,0.0030305194668471813
0.0,2.806244197017804e-07
0.0,0.001310457824729383
0.0,0.04327061027288437
0.0,0.002017105696722865
0.0,2.2173766410560347e-05
0.0,0.007143083028495312
0.0,9.593461441914641e-11
0.0,0.02188011445105076
0.0,1.088899580281577e-06
0.0,1.6759040590841323e-06
0.0,0.10511607676744461
0.0,7.567572083644336e-06
0.0,0.06155954673886299
0.0,0.012795710004866123
0.0,0.0005479519604705274
0.0,1.9405570483854717e-08
0.0,0.013019601814448833
0.0,0.0030581119935959578
0.0,1.3636541895678533e-10
0.0,2.094359841803284e-12
0.0,0.00044887731201015413
0.0,7.637765975232469e-09
0.0,1.2511369277490303e-05
0.0,0.321554958820343
0.0,0.0807974562048912
0.0,0.850767970085144
0.0,0.02338390052318573
0.0,0.001707947812974453
0.0,0.0035620182752609253
0.0,0.3251175582408905
0.0,1.3105911755156852e-13
0.0,0.901858389377594
0.0,0.02733539417386055
0.0,3.4485021842556307e-06
0.0,0.009344861842691898
0.0,5.757125265404284e-08
0.0,0.0006763035780750215
0.0,0.00042108327033929527
0.0,0.1572604924440384
0.0,5.650336333928863e-06
0.0,0.035467226058244705
0.0,0.0733853429555893
0.0,0.002105626044794917
0.0,0.0007988426368683577
0.0,0.0808958187699318
0.0,0.0016940096393227577
0.0,0.0014017958892509341
0.0,0.047716669738292694
0.0,0.15384596586227417
0.0,0.00022486188390757889
0.0,0.0009948313236236572
0.0,0.0318717435002327
0.0,0.33217641711235046
0.0,7.527666184614645e-06
0.0,0.0031749652698636055
0.0,1.810752306289406e-15
0.0,0.0803505927324295
0.0,0.13082747161388397
0.0,0.008143709972500801
0.0,0.09000550955533981
0.0,0.31405922770500183
0.0,0.23164987564086914
0.0,6.237336947378935e-06
0.0,8.11086647445336e-05
0.0,0.22143037617206573
0.0,0.00035416529863141477
0.0,0.0005416289204731584
0.0,0.0598781444132328
0.0,0.0014103470603004098
0.0,0.013090131804347038
0.0,3.674626350402832e-05
0.0,2.173670509364456e-06
0.0,0.00016312884690705687
0.0,0.15373559296131134
0.0,2.385875632171519e-05
0.0,0.4992227852344513
0.0,0.0023490944877266884
0.0,0.004560018889605999
0.0,0.002637241967022419
0.0,1.302974883543584e-08
0.0,0.00020071268954779953
0.0,0.13292410969734192
0.0,0.002736067632213235
0.0,5.3754269174532965e-05
0.0,0.21358530223369598
0.0,0.03814774751663208
0.0,0.0002700171899050474
0.0,0.000397707597585395
0.0,0.0019851094111800194
0.0,0.003591404063627124
0.0,4.62572970718611e-05
0.0,0.2672886252403259
0.0,9.46721775108017e-06
0.0,6.460581789724529e-05
0.0,0.00017525124712847173
0.0,0.10382845997810364
0.0,0.0027217098977416754
0.0,0.0025149481371045113
0.0,1.733422323013656e-05
0.0,0.09726090729236603
0.0,0.0021607771050184965
0.0,0.0012948119547218084
0.0,0.0023688573855906725
0.0,0.031193867325782776
0.0,0.004771326202899218
0.0,0.00014864758122712374
0.0,1.6585143384872936e-05
0.0,1.517719829280395e-05
0.0,0.0006453090463764966
0.0,0.003879874013364315
0.0,0.1306590735912323
0.0,7.239972910610959e-05
0.0,1.1542363154148916e-06
0.0,0.00512290233746171
0.0,0.1022455170750618
0.0,0.0009610961424186826
0.0,0.03496728092432022
0.0,2.1248742996249348e-05
0.0,0.08108914643526077
0.0,1.2435514236130985e-06
0.0,0.5544666647911072
0.0,0.0013126782141625881
0.0,0.1075596958398819
0.0,0.018386894837021828
0.0,0.5181621313095093
0.0,0.00048433130723424256
0.0,9.160337867797352e-06
0.0,0.015284902416169643
0.0,2.808160843414953e-06
0.0,0.49596333503723145
0.0,0.012212813831865788
0.0,0.0002447715378366411
0.0,0.0003569895343389362
0.0,0.023239023983478546
0.0,0.13577499985694885
0.0,0.009070638567209244
0.0,9.304756531491876e-05
0.0,0.014065108262002468
0.0,0.002406270941719413
0.0,0.006073261145502329
0.0,0.05033104121685028
0.0,0.004303221125155687
0.0,0.00064552400726825
0.0,0.3930440843105316
0.0,0.008991817012429237
0.0,7.9977726272773e-05
0.0,6.267863500397652e-05
0.0,0.00046422367449849844
0.0,0.01867285743355751
0.0,0.0028851137030869722
0.0,0.0010180086828768253
0.0,0.22378785908222198
0.0,0.10178826749324799
0.0,0.10615401715040207
0.0,0.07122190296649933
0.0,0.001097161672078073
0.0,0.06547019630670547
0.0,2.7549978767638095e-05
0.0,0.006846114527434111
0.0,0.0014014302287250757
0.0,0.0009962558979168534
0.0,0.017019586637616158
0.0,2.575552571215667e-06
0.0,0.015178182162344456
0.0,0.00027939147548750043
0.0,0.045575279742479324
0.0,7.54897939714283e-07
0.0,0.4337911307811737
0.0,0.0764974057674408
0.0,0.030596304684877396
0.0,0.2632714509963989
0.0,0.17751145362854004
0.0,0.009348251856863499
0.0,0.0071759577840566635
0.0,0.008121182210743427
0.0,8.000594675650063e-07
0.0,0.0647578090429306
0.0,2.14874962267686e-09
0.0,0.020516032353043556
0.0,0.5263128280639648
0.0,1.307716502196854e-05
0.0,0.13572435081005096
0.0,0.0005806916742585599
0.0,0.01687747985124588
0.0,0.05495811626315117
0.0,0.0548565536737442
0.0,0.06289124488830566
0.0,0.0005658538429997861
0.0,9.41721154958941e-05
0.0,0.019207777455449104
0.0,3.413941158214584e-06
0.0,0.0001727877533994615
0.0,0.00012927051284350455
0.0,0.00017454665794502944
0.0,0.4193717837333679
0.0,4.747869024868123e-05
0.0,0.0015163529897108674
0.0,0.00025620422093197703
0.0,0.17787830531597137
0.0,4.924701757502703e-10
0.0,0.0001029069535434246
0.0,0.02653014287352562
0.0,0.17974108457565308
0.0,0.005386815406382084
0.0,0.3675823211669922
0.0,0.002161820884793997
0.0,0.015217248350381851
0.0,0.029159510508179665
0.0,0.4289676249027252
0.0,0.06897933781147003
0.0,1.3565961580752628e-06
0.0,0.010406025685369968
0.0,0.061447080224752426
0.0,5.287780368234962e-05
0.0,0.014960072003304958
0.0,0.0016981661319732666
0.0,0.01201535202562809
0.0,5.032317744735337e-07
0.0,0.11342654377222061
0.0,2.7066023449151544e-06
0.0,0.00020057341316714883
0.0,2.9539661383637394e-08
0.0,0.0010737128322944045
0.0,0.00013954463065601885
0.0,0.06967317312955856
0.0,8.989855814434122e-06
0.0,0.05727377161383629
0.0,0.00010122072853846475
0.0,1.8509897614649162e-08
0.0,1.8762949594020029e-06
0.0,3.46106503457122e-06
0.0,2.4339062321132587e-08
0.0,0.022831246256828308
0.0,0.00011298501340206712
0.0,0.001304936595261097
0.0,0.024737445637583733
0.0,0.0005044335266575217
0.0,0.0015164533397182822
0.0,0.0006062478641979396
0.0,0.15279290080070496
0.0,7.561779784737155e-05
0.0,0.15322597324848175
0.0,0.03401865437626839
0.0,1.7648966604610905e-05
0.0,0.00016899901675060391
0.0,0.004115511197596788
0.0,0.002062701154500246
0.0,0.000152931286720559
0.0,4.499391934587038e-07
0.0,0.11173802614212036
0.0,1.0172587963097612e-06
0.0,0.009252898395061493
0.0,0.013521910645067692
0.0,8.378169695788529e-06
0.0,0.000695123104378581
0.0,9.077202776097693e-07
0.0,0.03933366388082504
0.0,4.194945177005138e-06
0.0,0.09063449501991272
0.0,0.0010865973308682442
0.0,1.5812623814781546e-06
0.0,0.0002014562051044777
0.0,0.19679825007915497
0.0,0.015264195390045643
0.0,0.018011409789323807
0.0,0.18862251937389374
0.0,0.08329401165246964
0.0,0.00472265062853694
0.0,0.0016222841804847121
0.0,1.0891440638260974e-07
0.0,5.918429337725684e-07
0.0,0.728030264377594
0.0,6.526049145527679e-10
0.0,0.0003486866771709174
0.0,8.028339379961835e-07
0.0,2.2987542251939885e-06
0.0,5.883078119950369e-05
0.0,8.393155439989641e-06
0.0,0.009674519300460815
0.0,0.6767961382865906
0.0,0.056719738990068436
0.0,0.0009370913612656295
0.0,1.5750791135360487e-05
0.0,3.6869382546989016e-11
0.0,0.000668514403514564
0.0,0.07886327058076859
0.0,1.787357177818194e-07
0.0,0.4294138550758362
0.0,0.00047535268822684884
0.0,0.3759094774723053
0.0,0.02668597549200058
0.0,0.0008464519632980227
0.0,0.014134488999843597
0.0,1.350530141053241e-07
0.0,0.03004451096057892
0.0,3.30566726916004e-05
0.0,9.988763486035168e-05
0.0,5.094775769975968e-05
0.0,0.11497478187084198
0.0,0.018606888130307198
0.0,1.0276251316554408e-07
0.0,0.058885566890239716
0.0,0.1815747767686844
0.0,0.0006451479275710881
0.0,0.008872956968843937
0.0,7.849488281586048e-10
0.0,0.02500387281179428
0.0,0.03579383343458176
0.0,9.761317869561026e-07
0.0,0.0021390824113041162
0.0,0.4007525146007538
0.0,0.4504391849040985
0.0,0.0037180858198553324
0.0,1.4140487110125832e-05
0.0,0.00039848973392508924
0.0,0.03752715513110161
0.0,4.5714626528692293e-10
0.0,0.0026344815269112587
0.0,0.009151536040008068
0.0,0.003315351903438568
0.0,1.5697107301093638e-05
0.0,2.1355539502110332e-05
0.0,0.00044745212653651834
