1.0,0.00022111955331638455
1.0,0.23249948024749756
1.0,0.12123417854309082
1.0,0.3325265944004059
1.0,0.02316499687731266
1.0,0.020899774506688118
1.0,0.3671530485153198
1.0,0.4948783814907074
1.0,0.011896941810846329
1.0,0.7279794812202454
1.0,0.6056502461433411
1.0,0.04779043793678284
1.0,0.23775869607925415
1.0,0.003744052490219474
1.0,0.3383820354938507
1.0,0.07409963756799698
1.0,0.4473845064640045
1.0,0.005792363081127405
1.0,0.3080669343471527
1.0,0.12172122299671173
1.0,0.29034048318862915
1.0,0.007488557603210211
1.0,0.6601806879043579
1.0,0.6979471445083618
1.0,0.4583711326122284
1.0,0.8764809370040894
1.0,0.7783838510513306
1.0,0.06159381940960884
1.0,8.926996088121086e-05
1.0,0.5434802770614624
1.0,2.1726950905076592e-08
1.0,0.714282214641571
1.0,0.6472516655921936
1.0,0.9263925552368164
1.0,0.5083688497543335
1.0,0.11180120706558228
1.0,0.7362102270126343
1.0,0.01691582426428795
1.0,0.08714919537305832
1.0,0.0770067498087883
1.0,0.17288506031036377
1.0,0.500178337097168
1.0,0.9718329310417175
1.0,0.25712093710899353
1.0,0.026151027530431747
1.0,0.9804589748382568
1.0,0.0811493769288063
1.0,0.044605694711208344
1.0,0.10672082006931305
1.0,0.9722017645835876
1.0,0.47552570700645447
1.0,0.0006437530973926187
1.0,0.4386477470397949
1.0,0.2620683014392853
1.0,0.00017385782848577946
1.0,0.17416293919086456
1.0,0.8540288805961609
1.0,0.20676279067993164
1.0,0.6152039766311646
1.0,9.541136387269944e-05
1.0,0.01817891001701355
1.0,0.7196037769317627
1.0,0.0120894405990839
1.0,0.10820426791906357
1.0,0.27357858419418335
1.0,0.23324640095233917
1.0,0.07153812795877457
1.0,0.13201019167900085
1.0,0.2386426031589508
1.0,0.41943827271461487
1.0,0.005710161291062832
1.0,0.01717662811279297
1.0,0.0246693417429924
1.0,0.6839949488639832
1.0,4.220863411319442e-05
1.0,0.3380981981754303
1.0,0.10191415250301361
1.0,0.945459246635437
1.0,0.5690135955810547
1.0,0.09446823596954346
1.0,0.26001879572868347
1.0,0.01114566344767809
1.0,0.9778674840927124
1.0,0.13160574436187744
1.0,0.4866742193698883
1.0,0.3990652859210968
1.0,0.1760493665933609
1.0,0.27144473791122437
1.0,0.06399322301149368
1.0,0.6329689025878906
1.0,0.3165365755558014
1.0,0.13369938731193542
1.0,0.3105694055557251
1.0,0.06853783130645752
1.0,0.0013794079422950745
1.0,0.15944145619869232
1.0,0.07958372682332993
1.0,0.3921871483325958
1.0,0.03822871670126915
1.0,0.020776458084583282
1.0,0.06666675209999084
1.0,0.9001301527023315
1.0,0.07732338458299637
1.0,0.027941232547163963
1.0,0.38717493414878845
1.0,0.0910603329539299
1.0,0.008877583779394627
1.0,0.6335996389389038
1.0,0.19619888067245483
1.0,0.5597375631332397
1.0,0.00029444912797771394
1.0,0.05311232805252075
1.0,0.03500283136963844
1.0,0.0016249516047537327
1.0,0.10365821421146393
1.0,0.7441020011901855
1.0,0.0002958400291390717
1.0,0.7545022964477539
1.0,0.09478991478681564
1.0,0.9179842472076416
1.0,0.09638616442680359
1.0,0.9988265633583069
1.0,0.0628533586859703
1.0,0.29348501563072205
1.0,0.30155691504478455
1.0,0.059687014669179916
1.0,0.31844455003738403
1.0,0.007227280642837286
1.0,0.44848158955574036
1.0,0.11925564706325531
1.0,0.023536715656518936
1.0,0.4010107219219208
1.0,0.18215970695018768
1.0,0.347055584192276
1.0,0.27104121446609497
1.0,0.009952577762305737
1.0,0.4975108504295349
1.0,0.9601684808731079
1.0,0.5696064829826355
1.0,0.04988906905055046
1.0,0.7816358208656311
1.0,0.4194681644439697
1.0,0.3295750916004181
1.0,0.9479526877403259
1.0,0.029177144169807434
1.0,0.2533360719680786
1.0,0.093390554189682
1.0,0.8584877848625183
1.0,0.04616206884384155
1.0,0.1930258423089981
1.0,0.10198568552732468
1.0,0.4443160891532898
1.0,0.6809303760528564
1.0,0.35139980912208557
1.0,0.836154580116272
1.0,0.06858350336551666
1.0,2.8014310373691842e-05
1.0,0.2245282232761383
1.0,0.014538462273776531
1.0,0.2349245250225067
1.0,0.036226291209459305
1.0,0.29776713252067566
1.0,0.19734269380569458
1.0,0.35693785548210144
1.0,0.013156414031982422
1.0,0.3924887180328369
1.0,0.029974082484841347
1.0,0.738120436668396
1.0,0.06681942939758301
1.0,0.0745902955532074
1.0,0.029713742434978485
1.0,0.0639682188630104
1.0,0.6663838624954224
1.0,0.8676661849021912
1.0,0.8835787177085876
1.0,0.5807417035102844
1.0,0.03952684998512268
1.0,0.09703589230775833
1.0,0.1905561089515686
1.0,0.2032131552696228
1.0,0.014773362316191196
1.0,0.1401938647031784
1.0,0.015816668048501015
1.0,0.4288685619831085
1.0,0.4138665795326233
1.0,0.013464082032442093
1.0,0.30338186025619507
1.0,0.20721633732318878
1.0,0.025563914328813553
1.0,0.11564613878726959
1.0,0.15224358439445496
1.0,0.0005402074893936515
1.0,0.13058367371559143
1.0,0.6492546796798706
1.0,0.1161687821149826
1.0,0.18714210391044617
1.0,0.3698248863220215
1.0,0.24495238065719604
1.0,0.9830561876296997
1.0,0.03444972634315491
1.0,0.015194028615951538
1.0,0.11454769223928452
1.0,0.0008126840693876147
1.0,0.14202232658863068
1.0,0.16457991302013397
1.0,0.054378874599933624
1.0,0.00012891943333670497
1.0,3.7438705476233736e-05
1.0,0.007707512471824884
1.0,0.12661045789718628
1.0,0.5286415815353394
1.0,0.4379044473171234
1.0,0.09788160771131516
1.0,0.08969349414110184
1.0,0.001962545793503523
1.0,0.7597253322601318
1.0,0.0007956101326271892
1.0,0.000841699365992099
1.0,0.25256073474884033
1.0,0.3810339868068695
1.0,0.006465900223702192
1.0,0.23520097136497498
1.0,0.5012872219085693
1.0,0.0373840369284153
1.0,0.7826327085494995
1.0,0.23228798806667328
1.0,0.08245920389890671
1.0,0.47743165493011475
1.0,0.5573828220367432
1.0,0.17489926517009735
1.0,0.1330450475215912
1.0,0.05481971427798271
1.0,0.5640868544578552
1.0,0.6939575672149658
1.0,0.045889005064964294
1.0,0.7287508845329285
1.0,0.3476860225200653
1.0,0.03041177988052368
1.0,0.8624865412712097
1.0,0.10644350200891495
1.0,0.03327164053916931
1.0,0.18386930227279663
1.0,0.020680194720625877
1.0,0.02498374506831169
1.0,0.2030390202999115
1.0,0.6498960256576538
1.0,0.4805060923099518
1.0,0.05065182223916054
1.0,0.2033301442861557
1.0,0.5640074014663696
1.0,0.2130664438009262
1.0,0.09403908252716064
1.0,0.03529207408428192
1.0,0.15583272278308868
1.0,0.18535122275352478
1.0,0.07030925899744034
1.0,0.08252475410699844
1.0,0.2302248775959015
1.0,0.1643674075603485
1.0,0.9807031154632568
1.0,0.01804301328957081
1.0,0.8340447545051575
1.0,0.17678426206111908
1.0,0.09543877840042114
1.0,0.6276438236236572
1.0,0.17366474866867065
1.0,0.12388090044260025
1.0,0.8232028484344482
1.0,0.46367573738098145
1.0,0.5429834723472595
1.0,0.6217905879020691
1.0,0.11344414204359055
1.0,0.1832541972398758
1.0,0.9241495728492737
1.0,0.13023048639297485
1.0,0.00519673153758049
1.0,0.1482495814561844
1.0,0.10681317746639252
1.0,0.7973636984825134
1.0,0.41433098912239075
1.0,0.04580792039632797
1.0,0.0922389104962349
1.0,0.013658248819410801
1.0,0.03866402059793472
1.0,0.014068064279854298
1.0,0.7144460082054138
1.0,0.27864736318588257
1.0,0.7132663130760193
1.0,0.5989056825637817
1.0,9.23268362384988e-06
1.0,0.00031272671185433865
1.0,0.9803056716918945
1.0,0.551450788974762
1.0,0.06860566884279251
1.0,0.06581714004278183
1.0,0.010877699591219425
1.0,0.0005821405211463571
1.0,0.5519179701805115
1.0,0.002469940809533
1.0,0.9144899249076843
1.0,0.377851277589798
1.0,0.41275596618652344
1.0,0.03965291008353233
1.0,0.4582277238368988
1.0,0.5017080903053284
1.0,0.20333148539066315
1.0,0.20482701063156128
1.0,0.32629916071891785
1.0,0.3290788233280182
1.0,0.011865531094372272
1.0,0.21321235597133636
1.0,0.36802321672439575
1.0,0.05746770650148392
1.0,0.013317552395164967
1.0,0.005002868361771107
1.0,0.0005477058002725244
1.0,0.17794077098369598
1.0,0.04889042675495148
1.0,0.7672199010848999
1.0,0.04862526059150696
1.0,0.21640503406524658
1.0,0.32684311270713806
1.0,0.291233092546463
1.0,0.4797309935092926
1.0,0.011826860718429089
1.0,0.020053062587976456
1.0,0.2240714579820633
1.0,0.31700053811073303
1.0,0.26713499426841736
1.0,0.26264265179634094
1.0,0.2093474417924881
1.0,0.05770059674978256
1.0,0.06122897192835808
1.0,0.016536587849259377
1.0,0.3876195549964905
1.0,0.17708174884319305
1.0,0.3947793245315552
1.0,0.02504119649529457
1.0,0.6857802867889404
1.0,0.747517466545105
1.0,0.44176340103149414
1.0,0.42114150524139404
1.0,0.940261960029602
1.0,0.9662998914718628
1.0,0.04442784935235977
1.0,0.1953359842300415
1.0,0.004771045409142971
1.0,0.13129663467407227
1.0,0.3397882580757141
1.0,0.002227015094831586
1.0,0.7305864095687866
1.0,0.37519383430480957
1.0,0.17642085254192352
1.0,0.10959754139184952
1.0,0.2515530586242676
1.0,0.153973788022995
1.0,0.04454049840569496
1.0,0.7092689871788025
1.0,0.7791720628738403
1.0,0.9584791660308838
1.0,0.17022745311260223
1.0,0.5376880168914795
1.0,0.34870123863220215
1.0,0.0009132578852586448
1.0,0.6846395134925842
1.0,0.5538353323936462
1.0,0.04117154702544212
1.0,0.08851862698793411
1.0,0.16542336344718933
1.0,1.349314879917074e-05
1.0,0.41512566804885864
1.0,0.27437934279441833
1.0,0.010530824773013592
1.0,0.21984140574932098
1.0,0.049495261162519455
1.0,0.21688112616539001
1.0,0.020359845831990242
1.0,0.002233248669654131
1.0,0.5906780958175659
1.0,0.12274736911058426
1.0,0.15217287838459015
1.0,0.023942703381180763
1.0,0.47836726903915405
1.0,0.414680153131485
1.0,0.4269520044326782
1.0,0.04081171005964279
1.0,0.001524374121800065
1.0,0.8607282042503357
1.0,0.9217497706413269
1.0,0.7061170339584351
1.0,0.2830673158168793
1.0,0.8751305937767029
1.0,0.12045874446630478
1.0,0.13595911860466003
1.0,0.44536641240119934
1.0,0.012379882857203484
1.0,0.1531117856502533
1.0,0.672887921333313
1.0,0.3137557804584503
1.0,0.016871651634573936
1.0,0.0004583408881444484
1.0,0.999523401260376
1.0,0.1675705462694168
1.0,0.8636188507080078
1.0,0.27348488569259644
1.0,0.03407816216349602
1.0,0.17454345524311066
1.0,0.000608224596362561
1.0,0.7063217759132385
1.0,0.03615107387304306
1.0,0.14611534774303436
1.0,0.11023268848657608
1.0,0.177092507481575
1.0,0.7098480463027954
1.0,0.895188570022583
1.0,0.033489905297756195
1.0,0.0029439041391015053
1.0,0.5967004895210266
1.0,0.7678966522216797
1.0,0.46566280722618103
1.0,0.45853084325790405
1.0,0.16671878099441528
1.0,0.0017196832923218608
1.0,0.7456206679344177
1.0,0.6920540928840637
1.0,0.05702151730656624
1.0,0.0070548211224377155
1.0,0.1325962394475937
1.0,0.14455506205558777
1.0,0.2973436713218689
1.0,0.15126128494739532
1.0,0.1344316452741623
1.0,0.051875703036785126
1.0,0.0991922989487648
1.0,0.7169996500015259
1.0,0.5785284638404846
1.0,0.02306397072970867
1.0,0.013260560110211372
1.0,0.16529972851276398
1.0,0.0535534992814064
1.0,0.06964004784822464
1.0,0.001738630817271769
1.0,0.22858163714408875
1.0,0.22318565845489502
1.0,0.06737393885850906
1.0,0.39186009764671326
1.0,0.28086575865745544
1.0,0.04112207889556885
1.0,0.10863439738750458
1.0,0.47881531715393066
1.0,6.378974831022788e-06
1.0,0.006337645463645458
1.0,0.009146279655396938
1.0,0.3521195948123932
1.0,0.11245899647474289
1.0,0.4045277535915375
1.0,0.8267403841018677
1.0,0.018753046169877052
1.0,0.30598825216293335
1.0,0.09720500558614731
1.0,0.03954799845814705
1.0,0.3157212734222412
1.0,0.10795798152685165
1.0,0.7598600387573242
1.0,0.08582176268100739
1.0,0.005349694285541773
1.0,0.3058973252773285
1.0,0.5547842979431152
1.0,0.8356656432151794
1.0,0.003116968087852001
1.0,0.24590879678726196
1.0,0.2101667821407318
1.0,0.04639315977692604
1.0,0.3643384277820587
1.0,0.01752079837024212
1.0,0.36017662286758423
1.0,0.0165379848331213
1.0,0.0018947671633213758
1.0,0.022914135828614235
1.0,0.03390102460980415
1.0,0.0035218133125454187
1.0,0.01640661060810089
1.0,0.012219305150210857
1.0,0.7686622738838196
1.0,0.13529708981513977
1.0,0.07784455269575119
1.0,7.60610561201247e-08
1.0,0.2861568033695221
1.0,0.22379609942436218
1.0,0.20520174503326416
1.0,0.05138877406716347
1.0,0.12381952255964279
1.0,0.2754708230495453
1.0,0.39762669801712036
1.0,0.9134490489959717
1.0,0.28744930028915405
1.0,0.001499155187048018
1.0,0.4473942518234253
1.0,0.13290069997310638
1.0,0.03022724948823452
1.0,0.010918376967310905
1.0,0.9874934554100037
1.0,0.5558445453643799
1.0,0.12158381193876266
1.0,0.5576667785644531
1.0,0.6983678340911865
1.0,0.9160957336425781
1.0,0.07415660470724106
1.0,0.9101816415786743
1.0,0.2243088185787201
1.0,0.49452799558639526
1.0,0.011250754818320274
1.0,0.2460084855556488
1.0,0.9483846426010132
1.0,0.22244256734848022
1.0,0.40036532282829285
1.0,0.3330298662185669
1.0,0.7048986554145813
1.0,0.15665633976459503
1.0,0.25553131103515625
1.0,0.09188740700483322
1.0,0.06461568176746368
1.0,0.006567944306880236
1.0,0.016078490763902664
1.0,0.2617271840572357
1.0,0.020690584555268288
1.0,0.12555739283561707
1.0,0.5971229076385498
1.0,0.4051409065723419
1.0,0.7036104202270508
1.0,0.04734177887439728
1.0,0.13422523438930511
1.0,0.35068750381469727
1.0,0.06051552668213844
1.0,0.45569729804992676
1.0,0.5069538354873657
1.0,0.1509547233581543
1.0,0.6932958364486694
1.0,0.6992517709732056
1.0,0.4575551748275757
1.0,0.9112405180931091
1.0,0.09374085068702698
1.0,0.051886409521102905
1.0,0.40548190474510193
1.0,0.015125684440135956
1.0,0.4755968749523163
1.0,0.0025043718051165342
1.0,0.3263511061668396
1.0,0.45054250955581665
1.0,0.32909831404685974
1.0,0.1793595850467682
1.0,0.7933174967765808
1.0,0.06718795746564865
1.0,0.7517557144165039
1.0,0.5469346046447754
1.0,0.050749681890010834
1.0,0.04621802270412445
1.0,0.07412438839673996
1.0,0.5480700731277466
1.0,0.28615009784698486
1.0,0.04492349177598953
1.0,0.0074209896847605705
1.0,0.018995288759469986
1.0,0.07378505170345306
1.0,0.4634382724761963
1.0,0.9682599306106567
1.0,0.027545474469661713
1.0,0.5364164710044861
1.0,0.19257411360740662
1.0,0.002010459778830409
1.0,0.4555127024650574
1.0,0.01911928690969944
1.0,0.08143564313650131
1.0,5.56429622520227e-05
1.0,0.00024883789592422545
1.0,0.006657954305410385
1.0,0.15652330219745636
1.0,0.19683249294757843
1.0,0.9112609624862671
1.0,0.062208306044340134
1.0,0.07280297577381134
1.0,0.1912132203578949
1.0,0.46901461482048035
1.0,0.27218878269195557
1.0,0.20048989355564117
1.0,0.2706644535064697
1.0,0.7131611704826355
1.0,0.1108325645327568
1.0,0.9347230792045593
1.0,0.1537027359008789
1.0,0.6309774518013
1.0,0.26734983921051025
1.0,0.09227171540260315
1.0,0.02606918103992939
1.0,0.022832054644823074
1.0,0.635443925857544
1.0,0.5252425074577332
1.0,0.9567591547966003
1.0,0.010770699009299278
1.0,0.20468944311141968
1.0,0.019077995792031288
1.0,0.015592397190630436
1.0,0.9526310563087463
1.0,0.41450369358062744
1.0,0.27983883023262024
1.0,0.20681491494178772
1.0,0.025629401206970215
1.0,0.2475471943616867
1.0,0.4080808460712433
1.0,0.0004125270352233201
1.0,0.8212171196937561
1.0,0.4628787934780121
1.0,0.08276073634624481
1.0,0.4149857759475708
1.0,0.1312711238861084
1.0,0.5558145046234131
1.0,0.9100639224052429
1.0,0.5136142373085022
1.0,0.48286017775535583
1.0,0.03628842532634735
1.0,0.5745279788970947
1.0,0.04343205690383911
1.0,0.386088490486145
1.0,0.14093157649040222
1.0,0.050408732146024704
1.0,0.07131251692771912
1.0,0.4213091731071472
1.0,0.5429137945175171
1.0,0.24747474491596222
1.0,0.7108272910118103
1.0,0.8241837620735168
1.0,0.5396817326545715
1.0,0.04608408361673355
1.0,0.0677366554737091
1.0,0.17727959156036377
1.0,0.8686065673828125
1.0,0.014180908910930157
1.0,0.004993361886590719
1.0,0.003809635527431965
1.0,0.037829503417015076
1.0,0.1123485267162323
1.0,0.15105926990509033
1.0,0.13168881833553314
1.0,0.029011284932494164
1.0,0.2853158116340637
1.0,0.2095431387424469
1.0,0.8689902424812317
1.0,0.3459983170032501
1.0,0.062255457043647766
1.0,0.6226704120635986
1.0,0.29139530658721924
1.0,0.10144659131765366
1.0,0.37733614444732666
1.0,0.2962101101875305
1.0,0.029807640239596367
1.0,0.014402391389012337
1.0,0.004956343676894903
1.0,0.5473187565803528
1.0,0.07447872310876846
1.0,0.4514279365539551
1.0,0.7368446588516235
1.0,0.8456116318702698
1.0,0.6449232697486877
1.0,0.053430188447237015
1.0,0.37697526812553406
1.0,0.2587467432022095
1.0,0.3282327353954315
1.0,0.2144882082939148
1.0,0.8391665816307068
1.0,0.24198155105113983
1.0,0.04188163951039314
1.0,0.7072173953056335
1.0,0.09736812114715576
1.0,0.7246510982513428
1.0,0.32145532965660095
1.0,0.5172412991523743
1.0,0.66550612449646
1.0,0.151386097073555
1.0,0.20273113250732422
1.0,0.08362545073032379
1.0,0.3303402066230774
1.0,0.04099218547344208
1.0,0.05999132990837097
1.0,0.13672780990600586
1.0,0.5402042865753174
1.0,0.005810693837702274
1.0,0.03718629851937294
1.0,0.18261826038360596
1.0,0.4630280137062073
1.0,8.357218757737428e-05
1.0,2.540098830650095e-05
1.0,0.004343157168477774
1.0,0.08229418098926544
1.0,0.22865992784500122
1.0,0.031056366860866547
1.0,0.3956865072250366
1.0,0.5987244844436646
1.0,0.005032387562096119
1.0,0.001618501148186624
1.0,0.5423957705497742
1.0,0.06556860357522964
1.0,0.0010544528486207128
1.0,0.02524721249938011
1.0,0.039577748626470566
1.0,0.01634485088288784
1.0,0.2821381390094757
1.0,0.06823332607746124
1.0,0.5132758617401123
1.0,0.7865543365478516
1.0,0.0012485041515901685
1.0,0.035452548414468765
1.0,0.14306505024433136
1.0,0.00443281838670373
1.0,0.12621471285820007
1.0,0.10569483041763306
1.0,0.009274614043533802
1.0,0.23965606093406677
1.0,0.05240202322602272
1.0,0.022883836179971695
1.0,0.005277672782540321
1.0,0.41778242588043213
1.0,0.14794273674488068
1.0,0.08521327376365662
1.0,0.15638895332813263
1.0,0.341139554977417
1.0,0.0013434451539069414
1.0,0.029981257393956184
1.0,0.4470936059951782
1.0,0.018379386514425278
1.0,0.6785573959350586
1.0,0.18256622552871704
1.0,0.29837509989738464
1.0,0.04375329241156578
1.0,0.022038038820028305
1.0,0.05538930371403694
1.0,0.22047601640224457
1.0,0.0010774913243949413
1.0,0.00022653155610896647
1.0,0.5195785760879517
1.0,0.08892527967691422
1.0,0.0079308170825243
1.0,0.0006776571390219033
1.0,0.8701046109199524
1.0,0.0264025516808033
1.0,0.7190880179405212
1.0,0.37767282128334045
1.0,0.08688175678253174
1.0,0.40183454751968384
1.0,0.14009283483028412
1.0,0.4324743449687958
1.0,0.7438787221908569
1.0,0.07216854393482208
1.0,0.5540235638618469
1.0,0.11358656734228134
1.0,0.0437069907784462
1.0,0.0002125474129570648
1.0,0.1569528877735138
1.0,0.5359387993812561
1.0,0.08625099062919617
1.0,0.4523428678512573
1.0,0.18479789793491364
1.0,0.6587726473808289
1.0,0.020750118419528008
1.0,0.10758761316537857
1.0,0.2092488706111908
1.0,2.479238673913642e-06
1.0,0.00015987822553142905
1.0,0.08586660772562027
1.0,0.8599646687507629
1.0,0.13493937253952026
1.0,0.31837156414985657
1.0,0.0648757666349411
1.0,0.32936057448387146
1.0,0.5583644509315491
1.0,0.6882534623146057
1.0,0.000374231138266623
1.0,0.021213747560977936
1.0,0.37828147411346436
1.0,0.02883165329694748
1.0,0.047778960317373276
1.0,0.029844913631677628
1.0,0.04667874425649643
1.0,0.11623992770910263
1.0,0.08800287544727325
1.0,0.00039436580846086144
1.0,0.1238643079996109
1.0,0.9020648002624512
1.0,0.05127042159438133
1.0,0.17212192714214325
1.0,0.07226093113422394
1.0,0.0020304913632571697
1.0,0.006596455350518227
1.0,0.04943188652396202
1.0,0.0016182985855266452
1.0,0.6587991118431091
1.0,2.318312181159854e-05
1.0,0.05452484264969826
1.0,0.007126207929104567
1.0,0.0417294017970562
1.0,0.7248556017875671
1.0,0.14929236471652985
1.0,0.1316298097372055
1.0,0.18726524710655212
1.0,0.19104185700416565
1.0,0.8468255400657654
1.0,0.0018490084912627935
1.0,0.493670791387558
1.0,0.3293583393096924
1.0,0.16034886240959167
1.0,0.3154354691505432
1.0,0.10522409528493881
1.0,0.0034961181227117777
1.0,0.1904812604188919
1.0,0.1752200573682785
1.0,0.22089949250221252
1.0,0.481302946805954
1.0,0.039015479385852814
1.0,0.0003898897848557681
1.0,0.5012953281402588
1.0,0.009653636254370213
1.0,0.000798641296569258
1.0,0.01873941905796528
1.0,0.30144068598747253
1.0,0.06887351721525192
1.0,0.6831170320510864
1.0,0.2170795351266861
1.0,0.8542816042900085
1.0,0.006196124944835901
1.0,0.34455955028533936
1.0,0.3285893201828003
1.0,0.2586286962032318
1.0,0.3972854018211365
1.0,0.9498416185379028
1.0,0.36738330125808716
1.0,0.7680522203445435
1.0,0.31870540976524353
1.0,0.4927925169467926
1.0,0.027315396815538406
1.0,0.0008918219245970249
1.0,0.10445600003004074
1.0,0.000539901724550873
1.0,0.01245839148759842
1.0,0.22530800104141235
1.0,0.5567642450332642
1.0,0.7995836734771729
1.0,0.18726418912410736
1.0,0.16664338111877441
1.0,0.1422273963689804
1.0,0.29158055782318115
1.0,0.11143296957015991
1.0,0.40165770053863525
1.0,0.9672564268112183
1.0,0.002321496605873108
1.0,0.855313241481781
1.0,0.7085910439491272
1.0,0.2312636822462082
1.0,0.9528536200523376
1.0,0.6828204393386841
1.0,0.5772926807403564
1.0,0.04828082397580147
1.0,0.1184627115726471
1.0,0.8595330715179443
1.0,0.38797375559806824
1.0,0.05141840875148773
1.0,0.0008856850326992571
1.0,0.0008034938364289701
1.0,0.9126092791557312
1.0,0.05329970270395279
1.0,0.9043747186660767
1.0,0.6620551943778992
1.0,0.1297633796930313
1.0,0.0005547875771299005
1.0,0.7686230540275574
1.0,0.6759952902793884
1.0,0.773567795753479
1.0,0.08541257679462433
1.0,0.7640848755836487
1.0,0.8278132081031799
1.0,0.9839215278625488
1.0,0.2745196223258972
1.0,0.011066105216741562
1.0,0.4551062285900116
1.0,0.20752407610416412
1.0,0.02456723526120186
1.0,0.8318290710449219
1.0,0.11242251098155975
1.0,0.004018867388367653
1.0,0.1580481082201004
1.0,0.4017646610736847
1.0,0.5992797017097473
1.0,0.013083660043776035
1.0,0.06870480626821518
1.0,0.001381889102049172
1.0,0.022007890045642853
1.0,0.06520754843950272
1.0,0.3442930579185486
1.0,0.03033023700118065
1.0,0.1436116099357605
1.0,0.0847708210349083
1.0,0.001929617952555418
1.0,0.5915011763572693
1.0,0.23899999260902405
1.0,0.5684185028076172
1.0,0.0014728120295330882
1.0,0.9048858880996704
1.0,0.8081355690956116
1.0,0.13342365622520447
1.0,0.14444203674793243
1.0,0.7530276775360107
1.0,0.407901793718338
1.0,0.3705957531929016
1.0,0.6464065909385681
1.0,0.5861597061157227
1.0,0.41204580664634705
1.0,0.22405847907066345
1.0,0.9649945497512817
1.0,6.648286944255233e-05
1.0,0.45509037375450134
1.0,0.01699221320450306
1.0,0.6204691529273987
1.0,0.013624764047563076
1.0,0.0019249016186222434
1.0,0.0009363608551211655
1.0,0.11732012033462524
1.0,0.07419199496507645
1.0,0.04197882115840912
1.0,0.28516027331352234
1.0,0.8943774104118347
1.0,0.20876654982566833
1.0,0.012036558240652084
1.0,0.316020667552948
1.0,6.254917366277368e-07
1.0,0.013298160396516323
1.0,0.9319056868553162
1.0,0.8369114398956299
1.0,0.9761360883712769
1.0,0.9541513919830322
1.0,0.2101430892944336
1.0,0.9927411079406738
1.0,2.0851122826570645e-05
1.0,0.5705586671829224
1.0,0.1655200570821762
1.0,0.12023662030696869
1.0,0.13233913481235504
1.0,0.012684056535363197
1.0,0.19315485656261444
1.0,0.07285632938146591
1.0,0.8234730362892151
1.0,0.31452322006225586
1.0,0.19052639603614807
1.0,0.14880427718162537
1.0,0.9582344889640808
1.0,0.011848051100969315
1.0,0.09425117075443268
1.0,0.38215169310569763
1.0,0.09789872169494629
1.0,0.030954968184232712
1.0,0.30339109897613525
1.0,0.1103338673710823
1.0,0.09207884967327118
1.0,0.2540227472782135
1.0,0.14545972645282745
1.0,0.9052844047546387
1.0,0.030270813032984734
1.0,0.43811482191085815
1.0,0.001385592040605843
1.0,0.04991202428936958
1.0,0.306020051240921
1.0,0.4860779047012329
1.0,0.03195670247077942
1.0,0.6461125016212463
1.0,0.037654995918273926
1.0,0.030795935541391373
1.0,0.008142723701894283
1.0,0.5776835680007935
1.0,0.004043057095259428
1.0,0.4139910936355591
1.0,0.2097812443971634
1.0,0.09419191628694534
1.0,0.3043733239173889
1.0,0.8055566549301147
1.0,0.42939436435699463
1.0,0.25024399161338806
1.0,0.002459724200889468
1.0,0.9814094305038452
1.0,0.5596766471862793
1.0,0.0007675373926758766
1.0,0.04325805604457855
1.0,0.010820326395332813
1.0,0.2724660038948059
1.0,0.43659135699272156
1.0,0.022991470992565155
1.0,0.00511931674554944
1.0,0.8075199723243713
1.0,0.3186063766479492
1.0,0.7294107675552368
1.0,0.6346330642700195
1.0,0.742814302444458
1.0,0.32975101470947266
1.0,0.02184872515499592
1.0,0.0010797426803037524
1.0,0.01772487163543701
1.0,0.019046586006879807
1.0,0.010496259666979313
1.0,0.6781140565872192
1.0,0.5425467491149902
1.0,0.32196399569511414
1.0,0.003853589529171586
1.0,0.0021235966123640537
1.0,0.34106308221817017
1.0,0.2975336015224457
1.0,0.9283655285835266
1.0,0.20589658617973328
1.0,9.084266639547423e-05
1.0,0.10912797600030899
1.0,0.01313161849975586
1.0,0.6309539079666138
1.0,0.04002447798848152
1.0,0.018603872507810593
1.0,0.44843730330467224
1.0,0.5892224907875061
1.0,0.395455002784729
1.0,0.17525312304496765
1.0,0.4415596127510071
1.0,0.03421724960207939
1.0,0.2411775290966034
1.0,0.035657621920108795
1.0,0.6084058284759521
1.0,0.08815433830022812
1.0,0.21915169060230255
1.0,0.004551911260932684
1.0,0.7976313233375549
1.0,0.036370649933815
1.0,0.039935484528541565
1.0,0.9756810665130615
1.0,0.7995712757110596
1.0,0.13214215636253357
1.0,0.0015607302775606513
1.0,0.13138367235660553
1.0,0.10804655402898788
1.0,0.8293786644935608
1.0,0.0014110073680058122
1.0,0.26148083806037903
1.0,6.257907079998404e-05
1.0,0.3726683557033539
1.0,0.25279882550239563
1.0,0.0002202816103817895
1.0,0.8715234994888306
1.0,0.9128366112709045
1.0,2.0190975646983134e-06
1.0,0.7519981265068054
1.0,0.7253846526145935
1.0,0.1497151255607605
1.0,0.2293722927570343
1.0,0.03462892770767212
1.0,0.05802164599299431
1.0,2.483081516402308e-06
1.0,0.5398675203323364
1.0,0.9173018336296082
1.0,0.0026696929708123207
1.0,0.29917463660240173
1.0,0.023517411202192307
1.0,0.035804878920316696
1.0,0.14213228225708008
1.0,0.043352656066417694
1.0,0.03327447548508644
1.0,0.4410518705844879
1.0,0.4648778736591339
1.0,0.9264447689056396
1.0,0.06312384456396103
1.0,0.1434153914451599
1.0,0.010399123653769493
1.0,0.9227820038795471
1.0,0.517850399017334
1.0,0.31408971548080444
1.0,0.003845860017463565
1.0,0.19501468539237976
1.0,0.4063591957092285
1.0,0.42712411284446716
1.0,0.22549328207969666
1.0,0.5916621685028076
1.0,0.6437304019927979
1.0,0.45606529712677
1.0,0.16891759634017944
1.0,0.05783599242568016
1.0,0.005893775261938572
1.0,0.1779812127351761
1.0,0.0159971471875906
1.0,0.012342056259512901
1.0,0.16397373378276825
1.0,0.9944642186164856
1.0,0.051596466451883316
1.0,0.019099781289696693
1.0,0.0038412772119045258
1.0,0.3018151819705963
1.0,0.7868610620498657
1.0,0.23272572457790375
1.0,0.41187000274658203
1.0,0.005544808693230152
1.0,0.28927937150001526
1.0,0.007048867642879486
1.0,0.05398053675889969
1.0,0.14915266633033752
1.0,0.02186102420091629
1.0,6.523742194985971e-05
1.0,0.2296680212020874
1.0,0.411248117685318
1.0,0.8195721507072449
1.0,0.00197607115842402
1.0,0.6411973237991333
1.0,0.15850988030433655
1.0,0.41755691170692444
1.0,0.11923099309206009
1.0,0.8571344614028931
1.0,0.19396795332431793
1.0,0.3309495151042938
1.0,0.5446498990058899
1.0,0.36181747913360596
1.0,0.2911563515663147
1.0,0.0009766211733222008
1.0,0.010384428314864635
1.0,0.1020989790558815
1.0,0.19618690013885498
1.0,0.0017738600727170706
1.0,0.3333933651447296
1.0,3.2930220186244696e-05
1.0,0.10941282659769058
1.0,0.1515808403491974
1.0,0.39419957995414734
1.0,0.8656508922576904
1.0,0.8630914092063904
1.0,2.220911710537621e-06
1.0,0.20629140734672546
1.0,0.005818580277264118
1.0,0.7386176586151123
1.0,0.9209259748458862
1.0,0.7988671660423279
1.0,0.10919041931629181
1.0,0.47254619002342224
1.0,0.2998044788837433
1.0,0.09167206287384033
1.0,0.18844911456108093
1.0,0.4911726415157318
1.0,0.007194227073341608
1.0,0.49939003586769104
1.0,0.1341754049062729
1.0,0.0008009047596715391
1.0,0.5816922783851624
1.0,0.0947955772280693
1.0,0.06739143282175064
1.0,0.06600384414196014
1.0,0.0016779843717813492
1.0,2.5641857064329088e-06
1.0,0.15688574314117432
1.0,2.992445388372289e-06
1.0,0.568880558013916
1.0,0.004345291759818792
1.0,0.70243901014328
1.0,0.9648985266685486
1.0,0.7332064509391785
1.0,0.14448143541812897
1.0,0.049808304756879807
1.0,0.3234143555164337
1.0,0.6654316186904907
1.0,0.9408202171325684
1.0,0.07618953287601471
1.0,0.09765367954969406
1.0,0.5062302350997925
1.0,0.6890599131584167
1.0,0.09628362953662872
1.0,0.852843701839447
1.0,0.1259213238954544
1.0,0.003062621923163533
1.0,0.2067575305700302
1.0,0.00591006875038147
1.0,0.03045852854847908
1.0,0.022739749401807785
1.0,0.6098918914794922
1.0,0.23885934054851532
1.0,0.0005923628923483193
1.0,0.04025087133049965
1.0,0.008722159080207348
1.0,0.05063015967607498
1.0,0.05740504711866379
1.0,8.085105946520343e-05
1.0,0.03353036567568779
1.0,0.0003642697411123663
1.0,0.0701695904135704
1.0,0.3764483630657196
1.0,0.35856711864471436
1.0,0.5760493278503418
1.0,0.060221582651138306
1.0,0.5434020161628723
1.0,0.6460509896278381
1.0,0.0034851361997425556
1.0,0.6081404685974121
1.0,0.0021090214140713215
1.0,0.02155131660401821
1.0,0.0007111123995855451
1.0,0.7718552947044373
1.0,0.09407162666320801
1.0,0.030617495998740196
1.0,0.46945664286613464
1.0,0.7657075524330139
1.0,0.07947704941034317
1.0,0.07191441208124161
1.0,0.21177338063716888
1.0,0.005701269488781691
1.0,0.0015951473033055663
1.0,0.7223203778266907
1.0,0.002372498856857419
1.0,0.0060979812406003475
1.0,0.10493133217096329
1.0,0.9173824787139893
1.0,0.10314403474330902
1.0,0.4620574116706848
1.0,0.00019171992607880384
1.0,0.24756121635437012
1.0,0.2321641743183136
1.0,0.02726256288588047
1.0,0.04000809043645859
1.0,0.22433944046497345
1.0,0.034332193434238434
1.0,2.605335794214625e-06
1.0,0.15096287429332733
1.0,0.4110155403614044
1.0,0.2121487408876419
1.0,0.06808580458164215
1.0,0.24868519604206085
1.0,0.0001882791839307174
1.0,0.8624843955039978
1.0,0.2589513063430786
1.0,0.9037431478500366
1.0,0.6524739265441895
1.0,0.28173041343688965
1.0,0.001462840475142002
1.0,0.023242942988872528
1.0,0.2063058316707611
1.0,0.7196150422096252
1.0,0.6079736351966858
1.0,1.7247617506654933e-05
1.0,0.026482069864869118
1.0,0.022523852065205574
1.0,0.908420979976654
1.0,0.3916221261024475
1.0,0.693386971950531
1.0,0.07092933356761932
1.0,0.0021194617729634047
1.0,0.4493870735168457
1.0,0.002204722724854946
1.0,0.13592764735221863
1.0,0.16641925275325775
1.0,0.00023742760822642595
1.0,0.6324244141578674
1.0,0.21338559687137604
1.0,0.022430626675486565
1.0,0.0007885228260420263
1.0,0.010570453479886055
1.0,0.025961963459849358
1.0,0.10555781424045563
1.0,0.014479555189609528
1.0,6.140915502328426e-05
1.0,0.12331850081682205
1.0,0.002890743548050523
1.0,0.0002885511494241655
1.0,0.005572505760937929
1.0,0.9926180243492126
1.0,0.005598009563982487
1.0,0.00038292218232527375
1.0,0.061545684933662415
1.0,0.7877389192581177
1.0,0.3811218738555908
1.0,0.23346714675426483
1.0,0.016224533319473267
1.0,0.9510054588317871
1.0,0.06194011867046356
1.0,0.09390512853860855
1.0,0.04098835214972496
1.0,0.06734568625688553
1.0,0.5579927563667297
1.0,0.016750968992710114
1.0,0.014787768945097923
1.0,0.8460770845413208
1.0,0.6716982126235962
1.0,0.038126636296510696
1.0,0.457640141248703
1.0,0.018311157822608948
1.0,0.16677473485469818
1.0,0.5446110367774963
1.0,0.0507272407412529
1.0,0.03777821362018585
1.0,0.012264145538210869
1.0,0.6442518830299377
1.0,0.6755869388580322
1.0,0.43623778223991394
1.0,0.5323965549468994
1.0,0.09125547111034393
1.0,0.07653631269931793
1.0,0.38229677081108093
1.0,0.11375758051872253
1.0,0.08107799291610718
1.0,0.9252365231513977
1.0,0.16214044392108917
1.0,0.2806733250617981
1.0,0.5055845379829407
1.0,0.9729892015457153
1.0,0.0014464675914496183
1.0,0.4687753915786743
1.0,0.9709919095039368
1.0,0.454387903213501
1.0,0.03344985842704773
1.0,0.5606775879859924
1.0,0.8052192330360413
1.0,0.2779870629310608
1.0,0.0350266769528389
1.0,0.00547407753765583
1.0,0.2920926511287689
1.0,0.1697285920381546
1.0,0.10379066318273544
1.0,0.16712702810764313
1.0,0.0003130017139483243
1.0,0.7863515615463257
1.0,0.2777597904205322
1.0,0.7898982167243958
1.0,0.14316879212856293
1.0,0.06811965256929398
1.0,0.021132731810212135
1.0,0.2984450161457062
1.0,0.37109673023223877
1.0,0.02955552563071251
1.0,0.8446143865585327
1.0,0.02314162626862526
1.0,0.020367801189422607
1.0,0.2743763029575348
1.0,0.13884605467319489
1.0,0.3052934408187866
1.0,0.38886022567749023
1.0,0.09175161272287369
1.0,0.024804700165987015
1.0,0.13538935780525208
1.0,0.7888351082801819
1.0,0.7098772525787354
1.0,0.2240954488515854
1.0,0.42404529452323914
1.0,0.6251879334449768
1.0,0.6231975555419922
1.0,0.6678797006607056
1.0,0.005099549423903227
1.0,0.09361480921506882
1.0,0.821921169757843
1.0,0.5824974179267883
1.0,0.42079752683639526
1.0,0.006467664614319801
1.0,0.5896545052528381
1.0,0.06347350031137466
1.0,0.7416237592697144
1.0,8.325879207404796e-06
1.0,0.258210688829422
1.0,0.9418021440505981
1.0,0.03275999054312706
1.0,0.8435181379318237
1.0,0.41890600323677063
1.0,0.7784501314163208
1.0,0.001055384986102581
1.0,0.04774041473865509
1.0,0.279224693775177
1.0,0.4930993914604187
1.0,0.055100444704294205
1.0,0.45143410563468933
1.0,0.12750060856342316
1.0,0.23311935365200043
1.0,0.031440265476703644
1.0,0.1072297990322113
1.0,0.00545166851952672
1.0,0.14582741260528564
1.0,0.03671026602387428
1.0,0.03833557665348053
1.0,0.008007110096514225
1.0,0.00023927587608341128
1.0,0.005447251722216606
1.0,0.1296209841966629
1.0,0.040015675127506256
1.0,0.24315804243087769
1.0,0.01610236056149006
1.0,0.12509538233280182
1.0,0.6090679168701172
1.0,0.018249142915010452
1.0,0.7480894923210144
1.0,0.6992467045783997
1.0,1.6053158105933107e-05
1.0,0.022624991834163666
1.0,0.0014674152480438352
1.0,0.3458477556705475
1.0,0.03752056136727333
1.0,0.0004574410559143871
1.0,0.13499736785888672
1.0,0.8822786808013916
1.0,0.32102808356285095
1.0,0.28999197483062744
1.0,0.3416360318660736
1.0,0.012486735358834267
1.0,0.3973197937011719
1.0,0.4887849688529968
1.0,0.63504558801651
1.0,0.7912792563438416
1.0,0.6250377297401428
1.0,0.09041600674390793
1.0,0.07177406549453735
1.0,0.09602885693311691
1.0,0.753016471862793
1.0,0.010532788001000881
1.0,0.5950796604156494
1.0,0.3120030164718628
1.0,0.009586349129676819
1.0,0.04851890355348587
1.0,0.003465331392362714
1.0,0.006591869983822107
1.0,0.5049476623535156
1.0,0.1542961150407791
1.0,0.047484587877988815
1.0,0.04265974089503288
1.0,7.27557489881292e-05
1.0,0.11463417857885361
1.0,0.00012147040251875296
1.0,0.026584962382912636
1.0,0.048359621316194534
1.0,0.11069279164075851
1.0,0.7601170539855957
1.0,0.024535512551665306
1.0,0.39133691787719727
1.0,0.08842381834983826
1.0,0.18917085230350494
1.0,0.020930873230099678
1.0,0.39966315031051636
1.0,0.4698307514190674
1.0,0.008828278630971909
1.0,8.695350697962567e-05
1.0,0.027349913492798805
1.0,0.3054613471031189
1.0,0.1675506830215454
1.0,0.5667299628257751
1.0,0.021617142483592033
1.0,0.5968586206436157
1.0,0.03318028151988983
1.0,0.737423300743103
1.0,0.255932480096817
1.0,0.09248086810112
1.0,0.006897037848830223
1.0,0.10736977308988571
1.0,0.0015274035977199674
1.0,0.16231131553649902
1.0,0.0001016303212963976
1.0,0.0008001739624887705
1.0,0.6798651218414307
1.0,0.8898575305938721
1.0,0.04899492859840393
1.0,0.4684424102306366
1.0,0.02784975990653038
1.0,0.4171096086502075
1.0,0.014281564392149448
1.0,0.28569063544273376
1.0,0.0009881608420982957
1.0,0.022413823753595352
1.0,0.1238345205783844
1.0,0.00011989740596618503
1.0,0.021487291902303696
1.0,0.836696207523346
1.0,0.3983294665813446
1.0,0.005413435399532318
1.0,0.038912802934646606
1.0,0.10628572851419449
1.0,0.4300574064254761
1.0,0.14723104238510132
1.0,0.031930919736623764
1.0,0.01809900812804699
1.0,0.9173662662506104
1.0,3.971528258261969e-06
1.0,0.004141135606914759
1.0,0.003686073236167431
1.0,0.0010785855120047927
1.0,0.14278104901313782
1.0,0.03524123132228851
1.0,0.02898089960217476
1.0,0.8561674356460571
1.0,0.009202823974192142
1.0,0.015962859615683556
1.0,0.08145815134048462
1.0,0.01666364073753357
1.0,0.31651660799980164
1.0,0.06902974843978882
1.0,0.7605254650115967
1.0,0.10067466646432877
1.0,0.5040571689605713
1.0,0.3321438431739807
1.0,0.0001345931668765843
1.0,0.06853146851062775
1.0,0.7980659008026123
1.0,0.7365658283233643
1.0,0.2250894457101822
1.0,0.00034284291905350983
1.0,0.320604532957077
1.0,0.0055711823515594006
1.0,0.0007301925797946751
1.0,0.6915322542190552
1.0,0.4930608570575714
1.0,0.01231121364980936
1.0,0.23319536447525024
1.0,0.07104828208684921
1.0,1.6353029423044063e-05
1.0,0.8641597628593445
1.0,0.5081939101219177
1.0,0.13866551220417023
1.0,0.0009840403217822313
1.0,0.5394590497016907
1.0,0.003882790682837367
1.0,0.48657333850860596
1.0,0.03515290841460228
1.0,0.34407857060432434
1.0,0.000513983890414238
1.0,0.8808766603469849
1.0,0.036417052149772644
1.0,0.12841160595417023
1.0,0.0063360147178173065
1.0,0.0654199942946434
1.0,0.16768509149551392
1.0,0.03440544009208679
1.0,0.04567781090736389
1.0,0.05133919417858124
1.0,0.38816380500793457
1.0,0.9448356628417969
1.0,0.03740846365690231
1.0,0.01569177396595478
1.0,0.3424626588821411
1.0,0.006093543488532305
1.0,0.6960468888282776
1.0,0.5333275198936462
1.0,0.05115457624197006
1.0,0.2988879680633545
1.0,0.008544783107936382
1.0,0.8445740342140198
1.0,0.0030028109904378653
1.0,0.40220022201538086
1.0,0.004642191808670759
1.0,0.1279851347208023
1.0,0.24734054505825043
1.0,0.11657942831516266
1.0,0.5905492305755615
1.0,0.23161858320236206
1.0,0.039500460028648376
1.0,0.2167898714542389
1.0,0.35199037194252014
1.0,0.5001938939094543
1.0,0.7104362845420837
1.0,0.0011281988117843866
1.0,0.7627874612808228
1.0,0.041890695691108704
1.0,0.1419316679239273
1.0,0.07769566029310226
1.0,0.7850849032402039
1.0,0.21242386102676392
1.0,0.8576841354370117
1.0,0.0015641720965504646
1.0,0.06778932362794876
1.0,0.015137430280447006
1.0,6.201180895004654e-06
1.0,0.008147874847054482
1.0,0.6086525917053223
1.0,0.020384250208735466
1.0,0.008128390647470951
1.0,0.7399131655693054
1.0,0.7022380828857422
1.0,0.0005311090499162674
1.0,0.3491975665092468
1.0,6.739252285115072e-07
1.0,1.942753624462057e-05
1.0,0.014780545607209206
1.0,0.060731690376996994
1.0,0.18604107201099396
1.0,0.32070377469062805
1.0,0.39571884274482727
1.0,0.8731878995895386
1.0,0.12010769546031952
1.0,1.0284952622896526e-06
1.0,0.2725069224834442
1.0,0.14280037581920624
1.0,7.504633686039597e-05
1.0,0.1413917988538742
1.0,0.11373808979988098
1.0,0.21189746260643005
1.0,0.21755391359329224
1.0,0.17253796756267548
1.0,0.3086148798465729
1.0,0.13898031413555145
1.0,0.4671054780483246
1.0,0.07964619994163513
1.0,0.00011488965537864715
1.0,0.3305880129337311
1.0,0.6583711504936218
1.0,0.6642062664031982
1.0,0.8553988337516785
1.0,0.05784017592668533
1.0,0.00029432144947350025
1.0,0.2399945706129074
1.0,0.9239107370376587
1.0,0.3529306948184967
1.0,0.055699657648801804
1.0,0.40576496720314026
1.0,0.002659545047208667
1.0,0.007844646461308002
1.0,0.7120857834815979
1.0,0.055218424648046494
1.0,6.996471347520128e-05
1.0,0.0228732842952013
1.0,0.5549553036689758
1.0,0.00856606662273407
1.0,0.009541600942611694
1.0,0.02675873599946499
1.0,0.9702721238136292
1.0,0.1415260285139084
1.0,0.4764813184738159
1.0,0.33694496750831604
1.0,0.07991863042116165
1.0,0.45673686265945435
1.0,0.051100119948387146
1.0,0.0609908252954483
1.0,0.03571060672402382
1.0,0.9382846355438232
1.0,1.9497732864692807e-05
1.0,0.021873323246836662
1.0,0.9803354740142822
1.0,0.17788740992546082
1.0,0.0010196339571848512
1.0,0.002851061522960663
1.0,0.2877855896949768
1.0,0.025815309956669807
1.0,0.17685216665267944
1.0,0.24599798023700714
1.0,0.39529070258140564
1.0,5.247077569947578e-05
1.0,0.83308345079422
1.0,0.022819504141807556
1.0,0.11569799482822418
1.0,0.840157151222229
1.0,0.5820492506027222
1.0,0.8645678758621216
1.0,0.04440575838088989
1.0,0.0009690038277767599
1.0,0.0007723387097939849
1.0,0.1668396294116974
1.0,0.639707624912262
1.0,0.0076047321781516075
1.0,0.10945592820644379
1.0,0.0031608636491000652
1.0,0.12708666920661926
1.0,0.5939919352531433
1.0,0.0011629753280431032
1.0,0.7801443338394165
1.0,0.0033348840661346912
1.0,0.002130070235580206
1.0,0.758654773235321
1.0,0.09219593554735184
1.0,0.11175303161144257
1.0,4.3879179401074e-08
1.0,0.28329190611839294
1.0,0.005351036787033081
1.0,0.0040691327303647995
1.0,0.33517780900001526
1.0,0.9300071597099304
1.0,0.025383464992046356
1.0,0.16328765451908112
1.0,0.1493377983570099
1.0,0.9820048809051514
1.0,0.012296540662646294
1.0,0.6845144033432007
1.0,0.9951510429382324
1.0,0.8991839289665222
1.0,0.9507986903190613
0.0,1.1180884939676616e-05
0.0,2.9526216167141683e-05
0.0,0.08935506641864777
0.0,0.2615978717803955
0.0,2.4242538643193257e-07
0.0,0.26164448261260986
0.0,0.0015444542514160275
0.0,0.14198845624923706
0.0,0.0063858637586236
0.0,2.5919507606886327e-06
0.0,0.06812982261180878
0.0,0.0009818966500461102
0.0,0.0009794948855414987
0.0,3.258630385971628e-05
0.0,9.582001439412124e-06
0.0,6.3029510783962905e-06
0.0,5.3843796194996685e-05
0.0,0.1306021362543106
0.0,7.965568511281163e-05
0.0,0.0013704344164580107
0.0,5.398384382715449e-05
0.0,0.005003656260669231
0.0,0.19191274046897888
0.0,0.0012184620136395097
0.0,0.00010912497964454815
0.0,0.013549861498177052
0.0,0.07605495303869247
0.0,0.0006298711523413658
0.0,0.026837343350052834
0.0,0.01002665888518095
0.0,0.011599160730838776
0.0,1.7500255125924014e-05
0.0,0.001465319306589663
0.0,1.5227534277073573e-05
0.0,0.06142811104655266
0.0,0.00043624950922094285
0.0,2.408774889772758e-06
0.0,1.1287851521046832e-05
0.0,0.13186511397361755
0.0,1.903395514091244e-06
0.0,3.2598015309304174e-07
0.0,0.009430933743715286
0.0,2.0849516557674974e-10
0.0,0.03590647131204605
0.0,0.40388956665992737
0.0,0.28486379981040955
0.0,4.435055870999349e-06
0.0,0.46399620175361633
0.0,0.005532388109713793
0.0,0.12091667950153351
0.0,0.43663012981414795
0.0,0.07099305093288422
0.0,0.053125157952308655
0.0,7.059006179588323e-07
0.0,0.007737166713923216
0.0,7.095701676007593e-06
0.0,1.1805415169874323e-06
0.0,0.0009852414950728416
0.0,7.86961209087167e-06
0.0,0.005161451641470194
0.0,0.00037573379813693464
0.0,0.00020024664991069585
0.0,0.0012786600273102522
0.0,0.157069593667984
0.0,0.00017651541566010565
0.0,0.018304109573364258
0.0,0.0005118642584420741
0.0,3.256365062043187e-07
0.0,0.003438858548179269
0.0,7.328698120545596e-05
0.0,0.03486933931708336
0.0,0.0005424416158348322
0.0,0.0005158939748071134
0.0,0.15084241330623627
0.0,1.3695985678907618e-08
0.0,0.6764293313026428
0.0,0.02948954701423645
0.0,0.04433874040842056
0.0,9.537519218838497e-08
0.0,0.006184075027704239
0.0,0.022472089156508446
0.0,0.6112558245658875
0.0,0.035912059247493744
0.0,0.0019156994530931115
0.0,8.436119969701394e-05
0.0,0.6686018705368042
0.0,0.0017872049938887358
0.0,0.003784312168136239
0.0,0.3116573989391327
0.0,0.004285293631255627
0.0,0.11812359094619751
0.0,0.19730325043201447
0.0,0.14678382873535156
0.0,0.028047926723957062
0.0,0.09945398569107056
0.0,3.0473849619738758e-05
0.0,8.519939001416788e-06
0.0,0.003229147754609585
0.0,0.0004018086183350533
0.0,6.391046980525061e-08
0.0,2.035039142356254e-05
0.0,0.030552195385098457
0.0,0.00012474908726289868
0.0,0.002718551317229867
0.0,0.0032991936895996332
0.0,0.007412975188344717
0.0,0.0018889416242018342
0.0,0.0008163782767951488
0.0,2.4141212406902923e-07
0.0,0.008077950216829777
0.0,0.00026030949084088206
0.0,4.69223869004054e-06
0.0,0.005194793920964003
0.0,0.27734825015068054
0.0,0.0019091753056272864
0.0,0.0009505365742370486
0.0,1.6364450857508928e-05
0.0,1.8418686522636563e-06
0.0,0.004591627046465874
0.0,1.802214865165297e-05
0.0,2.8068488973076455e-05
0.0,0.0005212662508711219
0.0,0.007362270262092352
0.0,0.09257730096578598
0.0,3.538554449455944e-10
0.0,0.00022729353804606944
0.0,0.039041243493556976
0.0,1.7993667711380112e-07
0.0,0.007305066101253033
0.0,0.0017904096748679876
0.0,0.008593046106398106
0.0,5.680858521373011e-06
0.0,5.657587109908491e-08
0.0,7.685467608098406e-06
0.0,7.252231443999335e-05
0.0,0.00314917485229671
0.0,0.529076099395752
0.0,1.2527259229955234e-09
0.0,0.001278453622944653
0.0,8.537597022950649e-05
0.0,0.014556515030562878
0.0,0.0839865580201149
0.0,1.098818591671602e-09
0.0,9.160071035019257e-10
0.0,0.005367696285247803
0.0,9.38598532229662e-05
0.0,0.00010714462405303493
0.0,0.4269241988658905
0.0,0.001268935389816761
0.0,0.5707712769508362
0.0,0.028683030977845192
0.0,7.567348802695051e-05
0.0,8.382260602957103e-06
0.0,0.0031730071641504765
0.0,0.0005104391602799296
0.0,0.0012748701265081763
0.0,0.027975721284747124
0.0,2.4143928385456093e-05
0.0,0.0033073527738451958
0.0,0.04317831993103027
0.0,2.6187149160250556e-07
0.0,7.833757642572436e-09
0.0,0.6001565456390381
0.0,0.04344411566853523
0.0,0.00037681873072870076
0.0,0.30450764298439026
0.0,0.22825700044631958
0.0,0.003778476268053055
0.0,0.01821954734623432
0.0,5.164600747065151e-09
0.0,0.6983832716941833
0.0,4.304388312448282e-06
0.0,0.4289422333240509
0.0,0.048040252178907394
0.0,0.006367214024066925
0.0,0.0025105297099798918
0.0,0.00021062904852442443
0.0,8.530963532393798e-05
0.0,0.03244202584028244
0.0,3.5835113521898165e-05
0.0,0.00579143175855279
0.0,0.042478904128074646
0.0,0.00018860709678847343
0.0,0.010000037029385567
0.0,0.0014655467821285129
0.0,0.0019211072940379381
0.0,0.08977928757667542
0.0,0.05782754346728325
0.0,6.350071579674932e-09
0.0,0.008194960653781891
0.0,0.06507062166929245
0.0,1.6267324554064544e-06
0.0,0.16502898931503296
0.0,0.2878892123699188
0.0,0.0003328059974592179
0.0,8.406998858845327e-06
0.0,0.021871186792850494
0.0,0.05610689893364906
0.0,1.761273793476903e-09
0.0,0.1729295402765274
0.0,0.004586066585034132
0.0,0.0002572241355665028
0.0,0.00014940896653570235
0.0,0.022976497188210487
0.0,9.125681390287355e-05
0.0,9.24226455367716e-08
0.0,0.0001264722814084962
0.0,1.1925668785828236e-10
0.0,6.023515766173659e-07
0.0,9.793853905648575e-08
0.0,0.4657323956489563
0.0,0.11307815462350845
0.0,0.0008665191126056015
0.0,0.008711141534149647
0.0,9.219539606419858e-06
0.0,0.0008001312962733209
0.0,0.1189139261841774
0.0,0.015525555238127708
0.0,0.013435116037726402
0.0,3.3997914670180762e-06
0.0,0.00018915891996584833
0.0,0.0006606967654079199
0.0,0.04064949229359627
0.0,0.00022320917923934758
0.0,4.113805118777236e-08
0.0,1.3452549865178298e-06
0.0,0.275145947933197
0.0,0.011355278082191944
0.0,0.0008591817459091544
0.0,0.02782055363059044
0.0,8.885841452865861e-06
0.0,0.0010613711783662438
0.0,0.0002834517217706889
0.0,0.00012636836618185043
0.0,0.14474141597747803
0.0,1.446154601580929e-05
0.0,0.031149843707680702
0.0,9.524920585590735e-08
0.0,0.0007458764594048262
0.0,0.004930774215608835
0.0,0.5358647108078003
0.0,0.0010406059445813298
0.0,0.0019433017587289214
0.0,7.736203406238928e-05
0.0,0.0009245846304111183
0.0,0.022575514391064644
0.0,0.0014895981876179576
0.0,0.1547781378030777
0.0,0.00026633869856595993
0.0,0.0007951758452691138
0.0,5.787353074993007e-06
0.0,0.004165743477642536
0.0,4.6900638039915066e-08
0.0,6.828174264228437e-06
0.0,0.0042096092365682125
0.0,1.8341930626775138e-05
0.0,0.012012980878353119
0.0,1.392790665022403e-07
0.0,1.637617424421478e-05
0.0,0.6987013220787048
0.0,0.009951512329280376
0.0,0.014511078596115112
0.0,6.994321211095667e-08
0.0,0.005535797215998173
0.0,4.11943392464309e-06
0.0,3.4116899769287556e-05
0.0,0.029886526986956596
0.0,0.006082415580749512
0.0,0.006125831976532936
0.0,0.02176627703011036
0.0,0.00032691602245904505
0.0,0.23040147125720978
0.0,3.246824417146854e-05
0.0,0.32498013973236084
0.0,0.00032302786712534726
0.0,0.0002647083892952651
0.0,0.0006808592588640749
0.0,2.6946599973598495e-05
0.0,0.00037887043436057866
0.0,0.008749266155064106
0.0,0.0008143057930283248
0.0,0.04720436781644821
0.0,0.005601150449365377
0.0,0.00042321914224885404
0.0,0.00041136445361189544
0.0,0.00030676761525683105
0.0,0.022858021780848503
0.0,0.0005456392536871135
0.0,0.0016479375772178173
0.0,2.614802374623082e-09
0.0,0.10889354348182678
0.0,7.520073097566637e-08
0.0,0.056350212544202805
0.0,0.009975961409509182
0.0,0.0014572559157386422
0.0,0.002956934040412307
0.0,0.0258785430341959
0.0,0.03237427771091461
0.0,0.019248291850090027
0.0,0.0003849331696983427
0.0,0.0027692439034581184
0.0,0.16836602985858917
0.0,2.366594742397865e-07
0.0,0.0001474338787375018
0.0,0.3323327898979187
0.0,2.994515853060875e-05
0.0,0.0016569216968491673
0.0,0.0001409076648997143
0.0,0.0001230574562214315
0.0,0.45384544134140015
0.0,0.00017334005679003894
0.0,9.736654504877151e-08
0.0,0.038588088005781174
0.0,0.002067464403808117
0.0,0.10829585045576096
0.0,9.539330676489044e-06
0.0,5.1431910833343863e-05
0.0,0.0018017612164840102
0.0,0.00032063404796645045
0.0,0.0543048158288002
0.0,5.798230631626211e-06
0.0,6.586759991478175e-05
0.0,2.7417227101977915e-05
0.0,0.0029752885457128286
0.0,0.0001373300183331594
0.0,0.00462398212403059
0.0,0.00033012250787578523
0.0,0.0013352633686736226
0.0,1.246896408702014e-05
0.0,0.00019053518190048635
0.0,4.19158604927361e-05
0.0,0.0005192877724766731
0.0,0.00016751531802583486
0.0,6.285388371907175e-05
0.0,0.0005990717327222228
0.0,0.00540758203715086
0.0,0.00026148182223550975
0.0,5.73971476569568e-07
0.0,7.258169603119313e-07
0.0,1.0903254406002816e-05
0.0,1.3288065019878559e-05
0.0,0.00022783597523812205
0.0,0.001248020795173943
0.0,0.00040994479786604643
0.0,0.6453556418418884
0.0,0.19097505509853363
0.0,0.1545230597257614
0.0,0.12637686729431152
0.0,0.06839900463819504
0.0,0.00028934344300068915
0.0,0.06236159801483154
0.0,0.4597536325454712
0.0,0.009076842106878757
0.0,0.20809035003185272
0.0,8.045139111345634e-06
0.0,4.616171645466238e-05
0.0,0.006825767923146486
0.0,0.025078605860471725
0.0,2.7875829644585792e-08
0.0,0.0012449078494682908
0.0,2.1570309399976395e-05
0.0,0.14097535610198975
0.0,0.005680619738996029
0.0,0.002587229711934924
0.0,0.1457895040512085
0.0,0.0036727183032780886
0.0,0.05697320029139519
0.0,0.015588417649269104
0.0,0.004036156460642815
0.0,1.7655651390668936e-05
0.0,9.64118669344316e-08
0.0,0.002893174532800913
0.0,0.00042417680379003286
0.0,0.05063195899128914
0.0,2.268671096317121e-06
0.0,0.17793574929237366
0.0,0.0001395608705934137
0.0,0.0014791074208915234
0.0,2.902453525166493e-05
0.0,3.424056194489822e-05
0.0,1.0861251666938188e-06
0.0,6.796593424951425e-06
0.0,0.000631903181783855
0.0,0.0029853414744138718
0.0,0.039509862661361694
0.0,7.509919669246301e-06
0.0,1.7797958207665943e-05
0.0,0.040136873722076416
0.0,0.06071026250720024
0.0,0.009788380935788155
0.0,8.331370509040426e-07
0.0,0.002359977224841714
0.0,3.7156503822188824e-05
0.0,7.089773862389848e-05
0.0,0.04803059250116348
0.0,0.055913474410772324
0.0,0.00268941349349916
0.0,0.0007949228165671229
0.0,9.686308658274356e-06
0.0,0.00014297955203801394
0.0,1.4382161680259742e-05
0.0,2.652888042575796e-06
0.0,4.232193168718368e-05
0.0,0.0035673161037266254
0.0,8.949395851232111e-05
0.0,7.950729013828095e-06
0.0,3.430514334468171e-05
0.0,0.00013646352454088628
0.0,0.008786318823695183
0.0,0.0003443932509981096
0.0,0.00017506653966847807
0.0,0.061463791877031326
0.0,0.012611071579158306
0.0,0.07531755417585373
0.0,0.0005039092502556741
0.0,0.0006498452858068049
0.0,2.922941610972174e-10
0.0,5.633379623759538e-05
0.0,0.0006001075962558389
0.0,0.4416293501853943
0.0,0.044868599623441696
0.0,2.2476547201222274e-06
0.0,0.023536687716841698
0.0,0.22081774473190308
0.0,0.00020302685152273625
0.0,0.0013686839956790209
0.0,0.340446412563324
0.0,3.767070302274078e-05
0.0,0.0081973597407341
0.0,0.0006943018524907529
0.0,0.00010044717782875523
0.0,0.004695512354373932
0.0,0.006499636918306351
0.0,0.002599696395918727
0.0,4.952162271365523e-05
0.0,0.006882326677441597
0.0,0.14542704820632935
0.0,0.026998896151781082
0.0,0.003810801077634096
0.0,0.00016112874436657876
0.0,0.23424308001995087
0.0,0.00015470081416424364
0.0,0.07055430114269257
0.0,0.0023302931804209948
0.0,0.15772175788879395
0.0,0.0005587730556726456
0.0,0.015400911681354046
0.0,1.5036244803923182e-05
0.0,8.361691288882867e-05
0.0,0.158420130610466
0.0,1.9220347894588485e-05
0.0,0.0021649564150720835
0.0,0.2680433392524719
0.0,0.48123347759246826
0.0,0.0056744529865682125
0.0,0.0009242420783266425
0.0,0.10867510735988617
0.0,2.557468178565614e-05
0.0,0.0011290713446214795
0.0,0.016686752438545227
0.0,0.0039025244768708944
0.0,1.0608800948830321e-06
0.0,0.002475806511938572
0.0,0.9649165272712708
0.0,0.027667157351970673
0.0,0.09649945050477982
0.0,1.6842108379933052e-05
0.0,0.14238163828849792
0.0,0.0005353726446628571
0.0,0.16400133073329926
0.0,0.15510092675685883
0.0,0.008168308064341545
0.0,0.02439933270215988
0.0,0.3926558494567871
0.0,0.00051627226639539
0.0,0.000865304667968303
0.0,0.27633142471313477
0.0,0.058555372059345245
0.0,1.672287362453062e-05
0.0,0.002380488207563758
0.0,0.0011178347049281001
0.0,0.006071160081773996
0.0,4.340407485869946e-06
0.0,0.0005943490541540086
0.0,0.0011208438081666827
0.0,0.32156506180763245
0.0,7.05870843376033e-05
0.0,0.00024227812536992133
0.0,0.0033101565204560757
0.0,0.21582335233688354
0.0,0.04886103421449661
0.0,0.027759583666920662
0.0,0.0001478792109992355
0.0,0.18421271443367004
0.0,0.037673529237508774
0.0,0.02778114192187786
0.0,1.9795008483924903e-05
0.0,0.0013818976003676653
0.0,0.0011452678591012955
0.0,0.0007990150479599833
0.0,0.0005407535354606807
0.0,6.33653107797727e-05
0.0,0.2964938282966614
0.0,0.007677414454519749
0.0,0.005831749644130468
0.0,1.4905544958310202e-06
0.0,0.09097732603549957
0.0,0.000284375564660877
0.0,0.003134536324068904
0.0,0.8376283049583435
0.0,8.86581328813918e-05
0.0,2.856360703518135e-09
0.0,0.000885151035618037
0.0,0.00025451212422922254
0.0,0.002004231559112668
0.0,4.245610034558922e-05
0.0,0.00628651725128293
0.0,9.051237270796264e-08
0.0,4.794496744064958e-11
0.0,0.5738810896873474
0.0,0.03833697363734245
0.0,0.02342732809484005
0.0,0.05301489681005478
0.0,0.02355835773050785
0.0,0.0002086690947180614
0.0,0.014152240939438343
0.0,1.973875805560965e-05
0.0,9.475666615799128e-07
0.0,3.451493057582411e-06
0.0,0.0025646130088716745
0.0,0.0004583176923915744
0.0,0.001055017113685608
0.0,0.45916327834129333
0.0,6.892223154864041e-06
0.0,0.00030506259645335376
0.0,0.0006643032538704574
0.0,6.97725554346107e-05
0.0,0.00031785466126166284
0.0,1.6111898730741814e-05
0.0,0.016043901443481445
0.0,0.0011475376086309552
0.0,0.01605062559247017
0.0,0.00016965143731795251
0.0,0.009732533246278763
0.0,0.019315138459205627
0.0,3.4260462911106515e-08
0.0,0.000924674968700856
0.0,0.024607054889202118
0.0,0.0001678458065725863
0.0,0.054304640740156174
0.0,0.5578229427337646
0.0,1.5417494068969972e-05
0.0,0.020142661407589912
0.0,0.00024695630418136716
0.0,0.016795100644230843
0.0,0.0018199397018179297
0.0,0.016693083569407463
0.0,1.5751223936266712e-10
0.0,6.845340863037563e-07
0.0,0.07068060338497162
0.0,0.011838814243674278
0.0,0.07437540590763092
0.0,3.4718908864306286e-05
0.0,0.44063740968704224
0.0,0.5828930139541626
0.0,0.0024592236150056124
0.0,0.03177496790885925
0.0,0.019621532410383224
0.0,0.019175907596945763
0.0,0.013911992311477661
0.0,0.00022519785852637142
0.0,0.00010715167445596308
0.0,1.519050215392781e-06
0.0,0.0925656259059906
0.0,0.026131823658943176
0.0,0.3553342819213867
0.0,0.007616778835654259
0.0,3.83463193429634e-05
0.0,0.007277941331267357
0.0,0.06535740196704865
0.0,0.7293802499771118
0.0,0.22261030972003937
0.0,0.001044115866534412
0.0,1.665475934942151e-07
0.0,1.3710081248063943e-06
0.0,0.0009505610796622932
0.0,0.0010191804030910134
0.0,5.936509114690125e-05
0.0,0.00031560598290525377
0.0,0.00014732453564647585
0.0,0.08917100727558136
0.0,0.007681106682866812
0.0,3.16711375489831e-05
0.0,0.02330547571182251
0.0,2.8391652449499816e-05
0.0,0.00048351252917200327
0.0,0.0003894788969773799
0.0,0.03027588501572609
0.0,0.05752909928560257
0.0,0.0019039278849959373
0.0,0.09279339760541916
0.0,0.00022370902297552675
0.0,0.44490984082221985
0.0,0.0015890586655586958
0.0,5.6465134790073535e-09
0.0,0.000323635118547827
0.0,0.22102724015712738
0.0,0.001822458696551621
0.0,0.28695347905158997
0.0,0.0406099408864975
0.0,1.4592103525501443e-07
0.0,3.3259748732916705e-08
0.0,3.511143950163387e-05
0.0,9.404772516319326e-10
0.0,0.002331213327124715
0.0,1.0799284609674942e-05
0.0,0.0047285170294344425
0.0,0.0003425177128519863
0.0,1.3877426681574434e-05
0.0,0.3500233590602875
0.0,0.0008015323546715081
0.0,0.0547359436750412
0.0,0.00014040163659956306
0.0,0.022553065791726112
0.0,0.04142092168331146
0.0,0.19055192172527313
0.0,0.0001703255547909066
0.0,1.3444699106912594e-05
0.0,0.00021837090025655925
0.0,0.07719128578901291
0.0,0.020079640671610832
0.0,0.00016468278772663325
0.0,0.004885674454271793
0.0,0.01600096933543682
0.0,0.011330914683640003
0.0,6.918593862792477e-05
0.0,1.1162847840751056e-05
0.0,3.8003979625500506e-06
0.0,0.553564727306366
0.0,1.0704189534749275e-08
0.0,1.1689368875522632e-05
0.0,0.02297035977244377
0.0,0.006398247554898262
0.0,0.3612635135650635
0.0,0.00011371350410627201
0.0,0.00016077315376605839
0.0,1.8379525499767624e-05
0.0,0.001875234884209931
0.0,0.01462224405258894
0.0,0.3445371091365814
0.0,0.10051050782203674
0.0,0.006363983731716871
0.0,0.0289267897605896
0.0,3.43492246202004e-07
0.0,0.019253022968769073
0.0,0.08670784533023834
0.0,0.01767042651772499
0.0,0.0015993561828508973
0.0,0.012230302207171917
0.0,0.36391589045524597
0.0,0.04592089354991913
0.0,1.2854796295869164e-05
0.0,3.772725540329702e-05
0.0,0.0025691408663988113
0.0,0.004707972519099712
0.0,0.001241329126060009
0.0,0.00032510279561392963
0.0,0.07559695094823837
0.0,1.6360891663680377e-07
0.0,0.0005149529315531254
0.0,0.051056552678346634
0.0,2.2774179342377465e-06
0.0,0.436232328414917
0.0,0.0035085277631878853
0.0,0.032231323421001434
0.0,0.0025982155930250883
0.0,0.00020852827583439648
0.0,0.16584551334381104
0.0,0.07875290513038635
0.0,0.0007159184315241873
0.0,0.03922418877482414
0.0,0.001963311806321144
0.0,9.967419600798166e-08
0.0,0.14493268728256226
0.0,0.005287266802042723
0.0,0.083747498691082
0.0,0.03879757598042488
0.0,0.010088648647069931
0.0,2.173861275878153e-06
0.0,0.0009406767203472555
0.0,9.823550044529838e-07
0.0,0.3897021412849426
0.0,0.00774328364059329
0.0,0.011758815497159958
0.0,5.775426643594983e-07
0.0,0.26371172070503235
0.0,0.02333023026585579
0.0,2.616608485439542e-09
0.0,0.021240234375
0.0,0.04212930053472519
0.0,0.0012346861185505986
0.0,0.23181408643722534
0.0,0.04465848580002785
0.0,0.005811098963022232
0.0,0.05509665608406067
0.0,0.006297766231000423
0.0,0.013896215707063675
0.0,0.014953791163861752
0.0,0.0003507216752041131
0.0,7.779058068990707e-05
0.0,1.1713813137248508e-06
0.0,2.5281035945234898e-11
0.0,2.9408715462864166e-09
0.0,9.745011766426614e-07
0.0,0.048890650272369385
0.0,5.3968403079807103e-08
0.0,0.0028502116911113262
0.0,0.005252277944236994
0.0,0.4183942377567291
0.0,4.301596163713839e-07
0.0,1.1679807698783407e-07
0.0,0.005833016242831945
0.0,0.014896402135491371
0.0,0.007418303284794092
0.0,0.0720495954155922
0.0,1.811318952604779e-07
0.0,0.13191567361354828
0.0,0.08214545994997025
0.0,0.04559088498353958
0.0,4.49007438874105e-06
0.0,6.054621621842671e-07
0.0,2.3377404431812465e-05
0.0,1.2889576339603082e-07
0.0,0.007494333665817976
0.0,0.8503995537757874
0.0,1.0305147043254692e-05
0.0,0.20454950630664825
0.0,0.49577879905700684
0.0,0.018452970311045647
0.0,0.011794960126280785
0.0,0.0011835374170914292
0.0,0.011269345879554749
0.0,0.27327388525009155
0.0,0.1326352208852768
0.0,0.08081287890672684
0.0,2.1220891710527212e-08
0.0,0.001360593712888658
0.0,0.0034631993621587753
0.0,5.553419057946485e-09
0.0,0.045743729919195175
0.0,0.040649596601724625
0.0,0.6999995708465576
0.0,0.003700117813423276
0.0,0.00040185838588513434
0.0,1.3521374739866587e-06
0.0,4.4124510168330744e-05
0.0,0.03417808935046196
0.0,0.11023884266614914
0.0,0.10577751696109772
0.0,0.22195002436637878
0.0,0.027294890955090523
0.0,2.501772833340965e-08
0.0,0.060732316225767136
0.0,2.027575101237744e-05
0.0,0.07547245174646378
0.0,2.144065365428105e-05
0.0,3.963416747865267e-05
0.0,0.22575154900550842
0.0,0.03175999969244003
0.0,0.0005141404690220952
0.0,3.887460843543522e-05
0.0,0.006875642109662294
0.0,0.027476174756884575
0.0,0.0026346230879426003
0.0,0.14688965678215027
0.0,0.01266364473849535
0.0,0.018438763916492462
0.0,0.011372018605470657
0.0,0.0014255301794037223
0.0,0.07078949362039566
0.0,0.42748793959617615
0.0,0.6532010436058044
0.0,0.0011565032182261348
0.0,0.0009881043806672096
0.0,0.0020171585492789745
0.0,0.050116878002882004
0.0,0.00010801082680700347
0.0,0.015087374486029148
0.0,1.2870934824604774e-06
0.0,0.002581963548436761
0.0,1.5497997765123728e-06
0.0,0.005386100150644779
0.0,6.987539791225572e-07
0.0,0.05068859085440636
0.0,0.06175706908106804
0.0,0.004583350382745266
0.0,0.08779700845479965
0.0,0.010600028559565544
0.0,0.00026921412791125476
0.0,0.009480508044362068
0.0,0.65561443567276
0.0,0.003599780146032572
0.0,2.2626560166827403e-05
0.0,0.043796539306640625
0.0,0.0004307253984734416
0.0,1.8197623963267517e-10
0.0,2.688062750166864e-08
0.0,0.29380831122398376
0.0,0.02030668593943119
0.0,0.03697243705391884
0.0,0.0006722435937263072
0.0,5.1334449381101876e-05
0.0,0.37606510519981384
0.0,0.02927517518401146
0.0,0.10157886892557144
0.0,0.14894820749759674
0.0,2.6651954613043927e-05
0.0,0.03044978901743889
0.0,0.0011450588935986161
0.0,3.915153683919925e-06
0.0,9.253866664948873e-06
0.0,1.8910291998963658e-07
0.0,0.00046605730312876403
0.0,0.1733916848897934
0.0,4.233561412547715e-07
0.0,0.030399242416024208
0.0,0.00020192775991745293
0.0,2.7590524041443132e-05
0.0,0.0931425541639328
0.0,4.1143637645291165e-05
0.0,3.385770526165288e-07
0.0,7.331011875066906e-05
0.0,0.6906153559684753
0.0,0.0028821565210819244
0.0,4.957994952092815e-12
0.0,3.463112241419708e-09
0.0,0.009336036629974842
0.0,8.00938141765073e-06
0.0,0.12477429956197739
0.0,0.052321478724479675
0.0,5.764461457147263e-05
0.0,4.867262646257586e-07
0.0,0.012316630221903324
0.0,0.008820271119475365
0.0,0.0013543938985094428
0.0,0.0018426085589453578
0.0,0.33542972803115845
0.0,0.03993866965174675
0.0,0.02583865262567997
0.0,1.6386265997425653e-05
0.0,0.7029080986976624
0.0,0.49893879890441895
0.0,0.001404479844495654
0.0,7.182162516983226e-05
0.0,3.95982715417631e-06
0.0,5.70461452298332e-07
0.0,0.013674336485564709
0.0,5.106960816192441e-05
0.0,0.03981350362300873
0.0,0.061697281897068024
0.0,0.0012555955909192562
0.0,1.4507699006571784e-06
0.0,0.005846938583999872
0.0,0.00012699264334514737
0.0,0.3679520785808563
0.0,1.6157656546056387e-06
0.0,2.5949584596673958e-05
0.0,0.027325673028826714
0.0,0.0008992069633677602
0.0,0.0007041452336125076
0.0,0.001906965859234333
0.0,0.035583749413490295
0.0,8.852473911247216e-06
0.0,8.0247564255842e-06
0.0,0.007905649021267891
0.0,5.604113439972025e-08
0.0,0.0031071039848029613
0.0,0.0012140959734097123
0.0,0.020371969789266586
0.0,0.06907210499048233
0.0,0.010120060294866562
0.0,4.497614954079854e-12
0.0,0.024991588667035103
0.0,3.191569339833222e-05
0.0,0.0020723724737763405
0.0,0.006339456420391798
0.0,0.9578492641448975
0.0,6.46929132486207e-09
0.0,0.008718572556972504
0.0,0.01979975402355194
0.0,0.02875048667192459
0.0,0.05174751952290535
0.0,0.01495903916656971
0.0,2.265074181195814e-05
0.0,0.23022016882896423
0.0,4.296405364812017e-08
0.0,0.009391246363520622
0.0,0.3010920286178589
0.0,0.0005604251637123525
0.0,0.024597078561782837
0.0,3.943930551031372e-06
0.0,0.005319176707416773
0.0,5.9602336399677824e-09
0.0,0.024482637643814087
0.0,0.0015280101215466857
0.0,0.0060103717260062695
0.0,3.358524480745473e-08
0.0,1.9011924450751394e-05
0.0,0.024145929142832756
0.0,0.019936803728342056
0.0,0.0003655863692983985
0.0,1.29720838231151e-05
0.0,0.00279988837428391
0.0,0.21172446012496948
0.0,0.37330362200737
0.0,0.10023283958435059
0.0,0.20494812726974487
0.0,0.03426568955183029
0.0,0.0012232093140482903
0.0,0.169878751039505
0.0,0.0014034248888492584
0.0,0.009544936008751392
0.0,0.00045369035797193646
0.0,0.041052717715501785
0.0,4.286765033612028e-06
0.0,2.7573885290621547e-06
0.0,0.010688750073313713
0.0,0.026693910360336304
0.0,0.20076382160186768
0.0,0.1524522304534912
0.0,0.013840843923389912
0.0,0.000303933018585667
0.0,0.02038644813001156
0.0,0.0016107476549223065
0.0,1.910361424961593e-05
0.0,0.0022681495174765587
0.0,0.00026248922222293913
0.0,0.24443216621875763
0.0,1.5029650057840627e-05
0.0,0.004228038713335991
0.0,0.06968928128480911
0.0,7.07781728124246e-05
0.0,2.804841869874508e-06
0.0,0.02723531238734722
0.0,0.0002813554019667208
0.0,0.0036635638680309057
0.0,4.734102185466327e-05
0.0,2.509008118067868e-05
0.0,1.2682091821147878e-08
0.0,0.08852070569992065
0.0,0.0898289605975151
0.0,8.289318793686107e-05
0.0,0.0020192896481603384
0.0,0.0010444654617458582
0.0,0.0001520662335678935
0.0,0.021716218441724777
0.0,0.0024052055086940527
0.0,0.002012337790802121
0.0,0.00037663773400709033
0.0,2.506710394811762e-09
0.0,0.0005749418050982058
0.0,3.6751632706000237e-06
0.0,0.0005750517011620104
0.0,0.001827538595534861
0.0,0.0001460338826291263
0.0,0.0962899923324585
0.0,0.0002010342723224312
0.0,0.009657105430960655
0.0,5.688832516170805e-07
0.0,0.008813937194645405
0.0,0.0007252859068103135
0.0,6.573363862116821e-07
0.0,0.1056591123342514
0.0,0.0008339340565726161
0.0,2.043091444647871e-05
0.0,0.361782431602478
0.0,0.9803032875061035
0.0,0.0010685597080737352
0.0,0.0005118640256114304
0.0,0.0002082737337332219
0.0,6.913481774972752e-05
0.0,0.632468044757843
0.0,0.0853317603468895
0.0,0.001851235399954021
0.0,3.305997324787313e-06
0.0,0.45355531573295593
0.0,0.0004935816978104413
0.0,0.000603779568336904
0.0,0.00014667710638605058
0.0,4.491479103307938e-06
0.0,0.12366604059934616
0.0,7.340217416640371e-05
0.0,1.8032989146377076e-06
0.0,0.10406278818845749
0.0,9.166384188574739e-06
0.0,0.00041143508860841393
0.0,0.001977104227989912
0.0,6.505235796794295e-05
0.0,0.009270991198718548
0.0,0.025063611567020416
0.0,0.024099377915263176
0.0,2.9524779165512882e-05
0.0,0.00012472269008867443
0.0,0.00019272301869932562
0.0,0.00020006993145216256
0.0,0.0019873420242220163
0.0,0.0001788153895176947
0.0,0.0026969099417328835
0.0,0.10523141175508499
0.0,1.8874201259677648e-06
0.0,0.15782573819160461
0.0,0.7799394130706787
0.0,8.521170116182475e-07
0.0,5.721281922888011e-06
0.0,0.0003149422991555184
0.0,0.0360456258058548
0.0,0.002693061251193285
0.0,0.1721818894147873
0.0,0.3675079345703125
0.0,2.0088259589101654e-06
0.0,8.698154124431312e-05
0.0,0.00014418188948184252
0.0,0.0006544517818838358
0.0,3.873118203046033e-06
0.0,0.010039005428552628
0.0,0.00016086117830127478
0.0,0.6899481415748596
0.0,0.9252749085426331
0.0,0.16567867994308472
0.0,0.00015600839105900377
0.0,5.4422012908617035e-05
0.0,2.438412366245757e-06
0.0,0.00042971179937012494
0.0,0.0001284215395571664
0.0,6.969728565309197e-05
0.0,0.0006952641997486353
0.0,0.06507796049118042
0.0,0.008305486291646957
0.0,0.0005197953432798386
0.0,6.494919944088906e-06
0.0,0.011028684675693512
0.0,0.013366241939365864
0.0,0.009007412008941174
0.0,0.00012086727656424046
0.0,0.0013756322441622615
0.0,0.00012340645480435342
0.0,0.10133582353591919
0.0,0.399953693151474
0.0,0.0023299960885196924
0.0,5.460791726363823e-05
0.0,2.7092331933431524e-08
0.0,0.17529445886611938
0.0,1.916442442961852e-06
0.0,0.0012148862006142735
0.0,1.4399509382201359e-05
0.0,0.2209727019071579
0.0,0.01702507585287094
0.0,0.21039241552352905
0.0,0.42304158210754395
0.0,0.00014727594680152833
0.0,0.00042771335574798286
0.0,0.00016133089957293123
0.0,0.5490431189537048
0.0,0.006739787291735411
0.0,4.090702532266732e-06
0.0,0.003604121971875429
0.0,0.028280222788453102
0.0,0.0003828747430816293
0.0,0.0021025054156780243
0.0,1.4735300283064134e-05
0.0,0.00017065979773178697
0.0,1.7847043636720628e-05
0.0,0.12984487414360046
0.0,0.29100486636161804
0.0,2.123588956237654e-06
0.0,0.023352477699518204
0.0,0.0034515103325247765
0.0,0.0011082496494054794
0.0,0.3792892396450043
0.0,8.07706601335667e-06
0.0,0.1560264229774475
0.0,0.0018965535564348102
0.0,0.0013563825050368905
0.0,3.768115541813444e-10
0.0,0.05235688388347626
0.0,0.0036589265801012516
0.0,1.2973110642633401e-05
0.0,0.011248818598687649
0.0,0.0014506591251119971
0.0,0.07034569978713989
0.0,0.28140684962272644
0.0,0.0029613880906254053
0.0,4.059128033695458e-12
0.0,0.023650340735912323
0.0,0.00016974983736872673
0.0,7.398771413136274e-05
0.0,0.035981304943561554
0.0,0.002880196087062359
0.0,0.057228878140449524
0.0,0.237249955534935
0.0,2.3881042579887435e-05
0.0,0.0014044416602700949
0.0,0.004208068363368511
0.0,0.0020526668522506952
0.0,0.0709020346403122
0.0,0.006401145830750465
0.0,1.0457243959649531e-08
0.0,3.22343003062997e-05
0.0,0.007851801812648773
0.0,5.89523660892155e-05
0.0,0.0025212226901203394
0.0,0.00010376848513260484
0.0,0.005740285385400057
0.0,2.3280544159121064e-09
0.0,9.6330587950888e-09
0.0,3.933673525802206e-11
0.0,0.10634847730398178
0.0,0.26594433188438416
0.0,4.861471461481415e-05
0.0,0.022926289588212967
0.0,5.493925314681292e-09
0.0,0.0006625285022892058
0.0,0.0150702353566885
0.0,7.845412619644776e-05
0.0,0.0005745695671066642
0.0,0.47386592626571655
0.0,0.035649146884679794
0.0,0.09128732234239578
0.0,0.08554332703351974
0.0,0.0003205995017196983
0.0,0.044364478439092636
0.0,0.001378566026687622
0.0,0.03744371235370636
0.0,0.15043777227401733
0.0,0.38912373781204224
0.0,1.0987081623170525e-05
0.0,0.0023382618092000484
0.0,0.012642293237149715
0.0,1.438368846772009e-12
0.0,0.0006456738337874413
0.0,0.04064622148871422
0.0,0.009053321555256844
0.0,0.037056390196084976
0.0,0.00021344280685298145
0.0,1.3467041526382673e-06
0.0,0.00011332554277032614
0.0,0.0007851409027352929
0.0,0.0009374150540679693
0.0,0.0001564563426654786
0.0,2.230770803635096e-07
0.0,2.21336267713923e-05
0.0,0.0013796193525195122
0.0,0.0006492460379377007
0.0,1.344022348348517e-05
0.0,0.2916319966316223
0.0,0.0005966676399111748
0.0,0.5655744671821594
0.0,0.5268063545227051
0.0,0.6069773435592651
0.0,0.0026384976226836443
0.0,0.34056833386421204
0.0,2.1596097212750465e-06
0.0,0.013973700813949108
0.0,0.03317650407552719
0.0,0.04832773655653
0.0,0.9442630410194397
0.0,0.0006798736867494881
0.0,0.07940232753753662
0.0,2.1774509150418453e-05
0.0,0.030179621651768684
0.0,1.3686930344647408e-07
0.0,0.5959373116493225
0.0,0.007131108548492193
0.0,8.584800525568426e-05
0.0,2.123251086061373e-08
0.0,0.10182604193687439
0.0,9.023184975376353e-05
0.0,0.013264897279441357
0.0,0.007616739254444838
0.0,0.0431566946208477
0.0,3.159447601319698e-07
0.0,0.01133743952959776
0.0,0.07132796198129654
0.0,0.0009374945657327771
0.0,3.07739969684917e-06
0.0,0.0005020925891585648
0.0,0.012065812014043331
0.0,5.733123089157743e-06
0.0,0.08382708579301834
0.0,3.054655337564327e-07
0.0,0.004447862505912781
0.0,0.005035253707319498
0.0,8.449130109511316e-05
0.0,5.927749384682102e-07
0.0,0.9129552245140076
0.0,0.03222270682454109
0.0,0.00030108619830571115
0.0,0.5001888871192932
0.0,2.6530778995947912e-06
0.0,0.002083801431581378
0.0,5.426890311355237e-06
0.0,1.7571911925529093e-08
0.0,0.1618107110261917
0.0,0.001748295035213232
0.0,0.001000529620796442
0.0,0.07974064350128174
0.0,2.3653006792301312e-05
0.0,8.187652156266267e-07
0.0,0.13180041313171387
0.0,0.0005391575978137553
0.0,0.006350628100335598
0.0,1.604309659342107e-06
0.0,0.0033631520345807076
0.0,0.04548613354563713
0.0,0.001961864996701479
0.0,1.9432500266702846e-05
0.0,0.03305996209383011
0.0,0.03628836199641228
0.0,5.781957383987901e-07
0.0,1.5205010868157842e-06
0.0,0.03310396894812584
0.0,0.021156975999474525
0.0,0.07374682277441025
0.0,0.18501520156860352
0.0,9.284365773964964e-07
0.0,0.47874411940574646
0.0,0.08805062621831894
0.0,0.07037413120269775
0.0,3.0281204089988023e-05
0.0,3.20323852065485e-05
0.0,0.00025614805053919554
0.0,0.06427651643753052
0.0,5.4770726620745336e-08
0.0,0.03682931512594223
0.0,0.470199316740036
0.0,1.6138929481712694e-07
0.0,0.00015899844584055245
0.0,1.1785975857492303e-06
0.0,0.3545864224433899
0.0,0.23888333141803741
0.0,0.008600532077252865
0.0,3.1801556943378273e-09
0.0,3.4779799040762782e-09
0.0,4.389807628513154e-09
0.0,1.43426305498906e-07
0.0,0.00011957211972912773
0.0,1.287683244299842e-05
0.0,0.01043071411550045
0.0,0.04057996720075607
0.0,0.7938240170478821
0.0,7.529845606768504e-05
0.0,0.003526389831677079
0.0,6.462048622779548e-05
0.0,0.0010402313200756907
0.0,1.9758637434530435e-11
0.0,0.0017724893987178802
0.0,0.027691826224327087
0.0,0.2797635495662689
0.0,0.12055854499340057
0.0,4.011438292650382e-09
0.0,0.0011501575354486704
0.0,0.11687400192022324
0.0,2.6442308808327653e-05
0.0,0.00040907191578298807
0.0,0.06743796169757843
0.0,3.5741122701438144e-05
0.0,0.002703992184251547
0.0,8.253783079226196e-08
0.0,4.020346386823803e-05
0.0,0.009996812790632248
0.0,0.0002420786040602252
0.0,0.00018623305368237197
0.0,0.0010025028605014086
0.0,0.13366076350212097
0.0,8.143991726683453e-05
0.0,0.006099275778979063
0.0,0.059788987040519714
0.0,5.561222948813338e-08
0.0,0.0006688820431008935
0.0,0.01338222436606884
0.0,0.0023090194445103407
0.0,0.17325390875339508
0.0,0.6159452199935913
0.0,0.34040868282318115
0.0,0.036010194569826126
0.0,0.0013650818727910519
0.0,0.0006126792868599296
0.0,1.7046266975739854e-06
0.0,0.0003298359224572778
0.0,0.00010275711974827573
0.0,0.00022553135931957513
0.0,0.00020419886277522892
0.0,0.013081306591629982
0.0,0.4071526825428009
0.0,0.0068161869421601295
0.0,0.1414884626865387
0.0,0.0005900374380871654
0.0,4.929564966005273e-05
0.0,2.005269834626233e-06
0.0,0.006032593082636595
0.0,0.025111747905611992
0.0,5.255517976365809e-08
0.0,6.4869473135331646e-06
0.0,3.296801878605038e-05
0.0,5.4333650041371584e-05
0.0,2.5461595214437693e-05
0.0,0.43988358974456787
0.0,0.05246243253350258
0.0,0.0009811919881030917
0.0,0.9240315556526184
0.0,0.015870217233896255
0.0,3.008432258866378e-08
0.0,0.00023746700026094913
0.0,0.11466047167778015
0.0,0.5563387870788574
0.0,0.007040769327431917
0.0,8.64133028244396e-07
0.0,0.0007524527609348297
0.0,0.04620593041181564
0.0,0.002384284744039178
0.0,1.5979590273218491e-07
0.0,7.572668437205721e-06
0.0,1.7670427610028128e-07
0.0,0.004010624717921019
0.0,0.005813214927911758
0.0,0.011790758930146694
0.0,0.008236908353865147
0.0,0.0014125198358669877
0.0,0.058299798518419266
0.0,0.00024888012558221817
0.0,0.004502934869378805
0.0,0.36787545680999756
0.0,0.024121485650539398
0.0,0.04119447246193886
0.0,0.0012912970269098878
0.0,1.6538502677576616e-05
0.0,0.016883891075849533
0.0,2.7211835913476534e-05
0.0,3.300913522252813e-05
0.0,0.20604808628559113
0.0,0.00011046128929592669
0.0,0.005663749761879444
0.0,0.0009312171605415642
0.0,0.00011579770216485485
0.0,0.1053895354270935
0.0,0.006795072462409735
0.0,9.463870810577646e-05
0.0,0.0032861316576600075
0.0,0.12010876834392548
0.0,0.00010939523781416938
0.0,0.005179825704544783
0.0,0.01742464490234852
0.0,0.011493317782878876
0.0,2.86315027242523e-10
0.0,0.005079598631709814
0.0,1.6837435396155342e-05
0.0,0.04162473976612091
0.0,0.0006580119370482862
0.0,0.18291617929935455
0.0,0.00178126513492316
0.0,0.000316270423354581
0.0,0.026510629802942276
0.0,5.26959365743096e-06
0.0,0.0014410807052627206
0.0,0.24793396890163422
0.0,0.02116335742175579
0.0,0.17752912640571594
0.0,0.00018615635053720325
0.0,0.06915217638015747
0.0,8.187418279703707e-05
0.0,0.0004223938740324229
0.0,0.05604667589068413
0.0,0.25267016887664795
0.0,0.00012569490354508162
0.0,0.001533278962597251
0.0,0.0005464957212097943
0.0,0.3156765103340149
0.0,0.0007495068130083382
0.0,0.0030651562847197056
0.0,4.962387538398616e-05
0.0,0.1229301393032074
0.0,0.07509101182222366
0.0,0.0002792969171423465
0.0,0.6746187210083008
0.0,0.0022783612366765738
0.0,1.0639729225658812e-05
0.0,3.342001582495868e-05
0.0,0.002560640452429652
0.0,4.277027869648009e-07
0.0,0.11889045685529709
0.0,7.216811468424567e-07
0.0,0.0015450272476300597
0.0,1.1630201142420749e-11
0.0,0.051794812083244324
0.0,0.1621863842010498
0.0,0.0014588270569220185
0.0,7.027509809631738e-07
0.0,0.2678864300251007
0.0,6.45980051672268e-08
0.0,0.00010477211617399007
0.0,0.004034546669572592
0.0,0.011342255398631096
0.0,0.14989718794822693
0.0,0.043367866426706314
0.0,0.021813813596963882
0.0,8.775621608947404e-06
0.0,3.810794078162871e-05
0.0,0.05081409588456154
0.0,0.0031317153479903936
0.0,6.93218462402001e-05
0.0,4.310032181820134e-06
0.0,6.578458396688802e-06
0.0,4.096844108403275e-08
0.0,0.0014659627340734005
0.0,3.5959810684715876e-09
0.0,0.000579206389375031
0.0,0.002894917968660593
0.0,8.301194753812524e-08
0.0,0.0463162399828434
0.0,0.08005950599908829
0.0,1.536392119305674e-06
0.0,0.012932786718010902
0.0,0.23756419122219086
0.0,6.637226761085913e-05
0.0,0.004964941646903753
0.0,0.00047516237827949226
0.0,0.02350669912993908
0.0,0.02527371235191822
0.0,0.5335592031478882
0.0,0.010569995269179344
0.0,1.6817054693252231e-10
0.0,5.81298372708261e-05
0.0,1.1817163567684474e-06
0.0,0.00036826948053203523
0.0,3.0278926715254784e-05
0.0,0.02024770900607109
0.0,0.011671466752886772
0.0,0.0033573282416909933
0.0,0.11761483550071716
0.0,0.39348700642585754
0.0,0.00010103364184033126
0.0,0.003962737042456865
0.0,0.0008087280439212918
0.0,1.1679840099532157e-05
0.0,1.4308219761005603e-05
0.0,4.309822543291375e-06
0.0,0.11925594508647919
0.0,0.011315103620290756
0.0,0.8579619526863098
0.0,1.1975381539741647e-06
0.0,1.5251194781740196e-05
0.0,0.0008328293915838003
0.0,0.08940163999795914
0.0,1.7784299416234717e-05
0.0,0.00045231435797177255
0.0,0.03835614398121834
0.0,4.9600803322391585e-06
0.0,0.02601892687380314
0.0,0.00022921084018889815
0.0,0.000122583718621172
0.0,0.05132053419947624
0.0,0.0011633775429800153
0.0,1.9516613974701613e-05
0.0,0.0013639235403388739
0.0,2.9262158932397142e-05
0.0,0.001368662458844483
0.0,3.4471606795705156e-06
0.0,5.081456765765324e-05
0.0,0.010727498680353165
0.0,0.2240491509437561
0.0,6.082389154471457e-05
0.0,0.00013322690210770816
0.0,0.17710481584072113
0.0,0.0002714230795390904
0.0,4.396984877530485e-06
0.0,0.06980863958597183
0.0,0.009646170772612095
0.0,0.0001383628841722384
0.0,0.4998130798339844
0.0,0.0033551971428096294
0.0,0.06687787920236588
0.0,0.004405982326716185
0.0,0.003720669075846672
0.0,0.00015750323655083776
0.0,0.22760048508644104
0.0,0.0009158847387880087
0.0,0.005720870569348335
0.0,0.008822564966976643
0.0,0.0009553012787364423
0.0,0.09617997705936432
0.0,0.0013401155592873693
0.0,0.021731149405241013
0.0,0.42318686842918396
0.0,0.05793076381087303
0.0,0.01828926056623459
0.0,3.7015852285549045e-05
0.0,8.701165643287823e-05
0.0,0.07824419438838959
0.0,0.03443756327033043
0.0,3.5517959684483458e-09
0.0,0.032041631639003754
0.0,3.964701591030462e-06
0.0,6.831369248061492e-09
0.0,0.008262477815151215
0.0,0.0003146826638840139
0.0,4.292704943509307e-06
0.0,0.0001311267988057807
0.0,5.710955974791432e-07
0.0,0.19579817354679108
0.0,2.528204277041368e-07
0.0,0.0014493350172415376
0.0,0.0014236706774681807
0.0,0.13676448166370392
0.0,0.0012053870595991611
0.0,9.224439168065146e-07
0.0,0.14273925125598907
0.0,0.0014891130849719048
0.0,1.6531834035049542e-07
0.0,2.750549583652173e-07
0.0,1.148716728494037e-05
0.0,0.0009854997042566538
0.0,7.2212783379654866e-06
0.0,0.0868741124868393
0.0,0.30829182267189026
0.0,9.0254970928072e-06
0.0,5.6426593801006675e-05
0.0,0.3741735517978668
0.0,0.03544148430228233
0.0,6.567286447989318e-08
0.0,0.08863846212625504
0.0,1.2629805645758552e-08
0.0,0.041283298283815384
0.0,0.00028376159025356174
0.0,0.05157989263534546
0.0,0.008788574486970901
0.0,1.1701112271111924e-05
0.0,4.940685539622791e-05
0.0,0.00010058414773084223
0.0,0.08408630639314651
0.0,0.16566883027553558
0.0,7.594385533593595e-05
0.0,2.7736798529076623e-06
0.0,1.5992137614162516e-09
0.0,0.0073314243927598
0.0,0.0001721925218589604
0.0,0.015136449597775936
0.0,1.3816675163980108e-06
0.0,0.5111174583435059
0.0,1.9295603124191985e-06
0.0,0.11063646525144577
0.0,0.0008294085855595767
0.0,4.7106081183301285e-05
0.0,6.822335762990406e-08
0.0,1.4452668438025285e-05
0.0,0.00034914008574560285
0.0,1.7662678430951928e-07
0.0,0.12315039336681366
0.0,1.523094324273888e-11
0.0,0.010189279913902283
0.0,0.0014479263918474317
0.0,0.008739694021642208
0.0,0.000666829408146441
0.0,0.01275190431624651
0.0,0.0017698025330901146
0.0,1.8865183193383928e-08
0.0,4.1305364106847264e-07
0.0,0.0002446103317197412
0.0,0.08307260274887085
0.0,0.011104992590844631
0.0,0.12001293152570724
0.0,0.21005448698997498
0.0,1.2240239755101356e-07
0.0,1.2173981076557538e-06
0.0,0.007944470271468163
0.0,0.19612877070903778
0.0,3.5825959798785334e-07
0.0,0.05644882470369339
0.0,6.0449714510468766e-05
0.0,2.4399629182880744e-05
0.0,0.015012146905064583
0.0,0.007359417155385017
0.0,0.004188902210444212
0.0,0.015352304093539715
0.0,0.28363969922065735
0.0,2.3417904230882414e-05
0.0,0.6378359794616699
0.0,0.0003197871847078204
0.0,8.524099939677399e-06
0.0,0.005623579025268555
0.0,0.25613588094711304
0.0,0.0013678695540875196
0.0,0.002019773004576564
0.0,8.115624950733036e-06
0.0,0.013945936225354671
0.0,3.4360378776909783e-05
0.0,0.09823697805404663
0.0,2.0518997189356014e-05
0.0,0.000991213135421276
0.0,0.2819998860359192
0.0,0.0003200470528099686
0.0,5.62643481316627e-06
0.0,0.005147772841155529
0.0,0.002587553346529603
0.0,3.350123051859555e-06
0.0,0.0013407481601461768
0.0,0.004475043620914221
0.0,0.0005513500072993338
0.0,0.003799679223448038
0.0,0.03236060589551926
0.0,0.042768508195877075
0.0,0.00011342933430569246
0.0,0.3125154972076416
0.0,0.16275976598262787
0.0,0.0020644336473196745
0.0,0.0031675323843955994
0.0,0.00016906332166399807
0.0,0.44694390892982483
0.0,0.10916778445243835
0.0,0.014303202740848064
0.0,0.0014050946338102221
0.0,0.0008177792769856751
0.0,0.0005225273198448122
0.0,0.0015059500001370907
0.0,0.1883266419172287
0.0,0.00022811420785728842
0.0,5.271064947010018e-05
0.0,0.00045386963756754994
0.0,9.311555970725749e-08
0.0,0.07939552515745163
0.0,4.336175152275246e-06
0.0,0.06539681553840637
0.0,0.08369417488574982
0.0,0.00027788864099420607
0.0,0.010075684636831284
0.0,1.469530525355367e-05
0.0,0.015739696100354195
0.0,0.1753554344177246
0.0,0.0011534853838384151
0.0,0.1260063648223877
0.0,2.318078713869909e-06
0.0,0.020749250426888466
0.0,0.3201698362827301
0.0,0.0015347908483818173
0.0,0.16568905115127563
0.0,4.919233106193133e-06
0.0,0.002635224489495158
0.0,0.0023702201433479786
0.0,1.503840252325972e-07
0.0,0.02868030034005642
0.0,0.00025545855169184506
0.0,0.3695976734161377
0.0,1.501495887623605e-07
0.0,0.10396948456764221
0.0,0.01599022001028061
0.0,0.0008207446662709117
0.0,0.00018109887605533004
0.0,0.09632429480552673
0.0,0.003938088659197092
0.0,0.015396934933960438
0.0,4.010407295140794e-08
0.0,2.641031187522458e-06
0.0,0.012893158942461014
0.0,0.0031846174970269203
0.0,3.0604599032812985e-06
0.0,0.020225344225764275
0.0,0.038050178438425064
0.0,0.02800750732421875
0.0,0.07928857952356339
0.0,0.005380299407988787
0.0,0.021531645208597183
0.0,0.8204023838043213
0.0,7.10697179329145e-07
0.0,0.06392089277505875
0.0,5.267799529917738e-09
0.0,6.265591991905239e-07
0.0,0.34190741181373596
0.0,0.3156779706478119
