1.0,0.15704461932182312
1.0,0.6606505513191223
1.0,0.6807393431663513
1.0,0.10284614562988281
1.0,0.0713694617152214
1.0,0.5134654641151428
1.0,0.14194124937057495
1.0,0.44774967432022095
1.0,0.4285905063152313
1.0,0.2783212959766388
1.0,0.22331152856349945
1.0,0.043392520397901535
1.0,0.9139906764030457
1.0,0.7171109318733215
1.0,0.40616679191589355
1.0,0.2998239994049072
1.0,0.09986618161201477
1.0,0.008703053928911686
1.0,0.7928042411804199
1.0,0.01916627399623394
1.0,0.272341251373291
1.0,0.011619131080806255
1.0,1.8198652469436638e-06
1.0,0.008157436735928059
1.0,0.3402884900569916
1.0,0.08422517031431198
1.0,0.6996070742607117
1.0,0.4956176280975342
1.0,0.4216461479663849
1.0,0.3224422335624695
1.0,0.2389790415763855
1.0,0.6302987337112427
1.0,0.1769445687532425
1.0,0.4178391396999359
1.0,0.39287200570106506
1.0,1.0892787940974813e-05
1.0,0.004754992201924324
1.0,0.08421185612678528
1.0,0.10544050484895706
1.0,1.58822288653937e-08
1.0,0.025400061160326004
1.0,0.2628745138645172
1.0,0.48855850100517273
1.0,0.24081720411777496
1.0,0.4416857957839966
1.0,0.008555644191801548
1.0,0.9170152544975281
1.0,0.9758074879646301
1.0,0.9157484173774719
1.0,0.3861750066280365
1.0,0.3072645366191864
1.0,0.3161596953868866
1.0,0.4690702259540558
1.0,0.9780228734016418
1.0,0.1341068297624588
1.0,0.009755593724548817
1.0,0.4861530661582947
1.0,0.11752060800790787
1.0,0.42419928312301636
1.0,0.023248637095093727
1.0,0.10496275126934052
1.0,0.2693541347980499
1.0,0.5431312322616577
1.0,0.34177926182746887
1.0,0.44801759719848633
1.0,0.07743432372808456
1.0,0.031952954828739166
1.0,0.11334788054227829
1.0,0.010834647342562675
1.0,0.34324291348457336
1.0,0.005788028240203857
1.0,0.20700599253177643
1.0,0.03951230272650719
1.0,0.37314164638519287
1.0,0.9815425276756287
1.0,0.2869572937488556
1.0,0.04496842995285988
1.0,0.03384997695684433
1.0,0.6877676248550415
1.0,0.08659978955984116
1.0,0.1502031534910202
1.0,0.017479928210377693
1.0,0.874459981918335
1.0,0.8847591876983643
1.0,0.007237726356834173
1.0,0.0008521597483195364
1.0,0.9154682755470276
1.0,0.6745163798332214
1.0,0.4234154224395752
1.0,0.11132059246301651
1.0,0.6952919960021973
1.0,0.018662698566913605
1.0,0.07441739737987518
1.0,0.35354727506637573
1.0,0.07632111012935638
1.0,0.014253372326493263
1.0,0.4891709089279175
1.0,0.0711417943239212
1.0,0.13772514462471008
1.0,0.0009979193564504385
1.0,0.013889839872717857
1.0,0.01565057411789894
1.0,0.18841484189033508
1.0,0.1336199790239334
1.0,0.5335119962692261
1.0,0.001319916220381856
1.0,0.034153301268815994
1.0,0.003107375930994749
1.0,1.3061006143288978e-07
1.0,0.03975503891706467
1.0,0.010214191861450672
1.0,0.29606783390045166
1.0,0.5401613712310791
1.0,0.5185423493385315
1.0,0.5001117587089539
1.0,0.816429853439331
1.0,6.1904620451969095e-06
1.0,0.019534882158041
1.0,0.09242521971464157
1.0,0.959497332572937
1.0,0.002962641417980194
1.0,0.25014063715934753
1.0,0.8422949314117432
1.0,0.9611603617668152
1.0,0.017776042222976685
1.0,0.3564189374446869
1.0,0.06039203330874443
1.0,0.2956375479698181
1.0,0.18401184678077698
1.0,0.04200908541679382
1.0,0.08740901947021484
1.0,0.3198798894882202
1.0,0.3044146001338959
1.0,0.008842873387038708
1.0,0.03860073909163475
1.0,0.2569723129272461
1.0,0.01747111789882183
1.0,0.051339514553546906
1.0,0.17503029108047485
1.0,0.05671107769012451
1.0,0.5613449215888977
1.0,0.09312672168016434
1.0,0.058927956968545914
1.0,0.003078129841014743
1.0,0.6662442684173584
1.0,0.20478005707263947
1.0,0.018608886748552322
1.0,0.019264938309788704
1.0,0.23733212053775787
1.0,0.02327466569840908
1.0,0.052913982421159744
1.0,0.30902132391929626
1.0,0.4621002674102783
1.0,0.0045336089096963406
1.0,0.1334163099527359
1.0,0.009434524923563004
1.0,0.26829004287719727
1.0,0.26748576760292053
1.0,0.5792874693870544
1.0,0.007855773903429508
1.0,0.11192494630813599
1.0,0.001800281461328268
1.0,0.12319085001945496
1.0,0.588172972202301
1.0,0.10150119662284851
1.0,0.1390090435743332
1.0,0.12185561656951904
1.0,0.08262914419174194
1.0,0.46864989399909973
1.0,0.15772245824337006
1.0,0.10636413842439651
1.0,0.06616184860467911
1.0,0.020377809181809425
1.0,0.26147934794425964
1.0,0.2795553505420685
1.0,0.0703696459531784
1.0,0.019189316779375076
1.0,0.5717880129814148
1.0,0.09485109150409698
1.0,0.10054503381252289
1.0,0.6189499497413635
1.0,0.38741040229797363
1.0,0.008632119745016098
1.0,0.2481684535741806
1.0,0.6999787092208862
1.0,0.6549960970878601
1.0,0.4742947220802307
1.0,0.7715926766395569
1.0,0.07827592641115189
1.0,0.011213039979338646
1.0,0.3898128271102905
1.0,0.5845474600791931
1.0,0.12665151059627533
1.0,0.5142741203308105
1.0,0.06807326525449753
1.0,0.43108299374580383
1.0,0.6126890182495117
1.0,0.8630759716033936
1.0,0.10484009981155396
1.0,0.2399735003709793
1.0,0.06044302508234978
1.0,0.07441413402557373
1.0,1.3108692655805498e-05
1.0,0.4123247563838959
1.0,0.042641766369342804
1.0,5.83225664740894e-05
1.0,0.017873641103506088
1.0,0.12446703016757965
1.0,0.027312152087688446
1.0,0.12461894750595093
1.0,0.2585059702396393
1.0,0.5363041758537292
1.0,0.08950097113847733
1.0,0.06963099539279938
1.0,0.6978940367698669
1.0,0.9954571723937988
1.0,0.19322197139263153
1.0,0.9887195229530334
1.0,0.033618051558732986
1.0,0.016022304072976112
1.0,0.0010969871655106544
1.0,0.5651945471763611
1.0,0.441128671169281
1.0,0.9068090915679932
1.0,0.12705616652965546
1.0,0.5654921531677246
1.0,0.06562623381614685
1.0,0.5439291596412659
1.0,0.9265502691268921
1.0,0.5709249973297119
1.0,0.06958165019750595
1.0,0.2503359615802765
1.0,0.8673093318939209
1.0,0.04696360602974892
1.0,0.6575490236282349
1.0,0.30075281858444214
1.0,0.0737246572971344
1.0,0.5953357815742493
1.0,0.5473312735557556
1.0,0.006335084792226553
1.0,0.00027073975070379674
1.0,0.003908454906195402
1.0,0.1852640062570572
1.0,0.02272707037627697
1.0,0.3424108624458313
1.0,0.48603561520576477
1.0,0.06951839476823807
1.0,0.2855513393878937
1.0,0.4908008873462677
1.0,0.5757569670677185
1.0,0.042313285171985626
1.0,0.052397582679986954
1.0,0.0014704710338264704
1.0,0.13772961497306824
1.0,0.054656580090522766
1.0,0.0057455128990113735
1.0,0.3892183303833008
1.0,0.16645167768001556
1.0,0.09065693616867065
1.0,0.47440534830093384
1.0,0.02337171696126461
1.0,0.05096803978085518
1.0,0.6524168848991394
1.0,0.028453070670366287
1.0,0.11217375099658966
1.0,0.00017937261145561934
1.0,0.28376269340515137
1.0,0.0822359174489975
1.0,0.2730710506439209
1.0,0.2627266049385071
1.0,0.45697590708732605
1.0,0.8663415908813477
1.0,0.9396799206733704
1.0,0.6610318422317505
1.0,0.9288825988769531
1.0,0.960245668888092
1.0,0.4749462902545929
1.0,0.6145370602607727
1.0,0.7791816592216492
1.0,0.5093900561332703
1.0,0.9604651927947998
1.0,0.9769995212554932
1.0,0.6185111999511719
1.0,0.7868140935897827
1.0,0.3174111843109131
1.0,0.33692115545272827
1.0,0.8680440187454224
1.0,0.7362923622131348
1.0,0.41413378715515137
1.0,0.3416881859302521
1.0,0.3623753488063812
1.0,0.05637255683541298
1.0,0.016971668228507042
1.0,0.5407789349555969
1.0,0.2847172021865845
1.0,0.02657966874539852
1.0,0.5461404919624329
1.0,0.9472205638885498
1.0,0.10764740407466888
1.0,0.06645959615707397
1.0,0.99078369140625
1.0,0.9845693707466125
1.0,0.7304663062095642
1.0,0.4188123941421509
1.0,0.47148603200912476
1.0,0.025299979373812675
1.0,0.869854748249054
1.0,0.005118797067552805
1.0,0.32648029923439026
1.0,0.41253483295440674
1.0,0.6288255453109741
1.0,0.14969898760318756
1.0,0.79257732629776
1.0,0.22341535985469818
1.0,0.6974822878837585
1.0,0.015855833888053894
1.0,0.6251336336135864
1.0,0.9653058052062988
1.0,0.10799800604581833
1.0,0.0017204702598974109
1.0,0.5566533803939819
1.0,0.05034877732396126
1.0,0.5121504664421082
1.0,0.003408064367249608
1.0,0.17715421319007874
1.0,0.8384789824485779
1.0,0.0723591297864914
1.0,0.050602350383996964
1.0,0.92887943983078
1.0,0.5404162406921387
1.0,0.6126581430435181
1.0,0.03915343061089516
1.0,0.02965817041695118
1.0,0.9227743744850159
1.0,0.20717036724090576
1.0,0.7937716841697693
1.0,0.17158424854278564
1.0,0.04158840328454971
1.0,0.0801701471209526
1.0,0.03952299430966377
1.0,0.49490323662757874
1.0,0.0040135132148861885
1.0,0.00556286983191967
1.0,0.00262271286919713
1.0,0.48289602994918823
1.0,0.00032348735840059817
1.0,0.08129052072763443
1.0,0.9516515135765076
1.0,0.8350211381912231
1.0,0.4055122137069702
1.0,0.2695925831794739
1.0,0.19294986128807068
1.0,0.000415158603573218
1.0,0.06060172989964485
1.0,0.10373873263597488
1.0,0.8952139019966125
1.0,0.07388129085302353
1.0,0.006037126760929823
1.0,0.5938175916671753
1.0,0.15063142776489258
1.0,0.2892955243587494
1.0,0.028089383617043495
1.0,0.010879198089241982
1.0,0.2893761992454529
1.0,0.593031108379364
1.0,0.6492483615875244
1.0,0.6045563220977783
1.0,0.9561492204666138
1.0,0.36027663946151733
1.0,0.2693013846874237
1.0,0.12355582416057587
1.0,0.0029373583383858204
1.0,0.39244094491004944
1.0,0.6294304132461548
1.0,0.15162481367588043
1.0,0.09500233083963394
1.0,0.06889054924249649
1.0,0.3371708393096924
1.0,0.7577900290489197
1.0,0.9898893237113953
1.0,0.02991194650530815
1.0,0.6918026804924011
1.0,0.1448533535003662
1.0,0.19048066437244415
1.0,0.22724398970603943
1.0,0.5333011746406555
1.0,0.8727510571479797
1.0,3.453050157986581e-05
1.0,0.31365567445755005
1.0,0.21504712104797363
1.0,0.43341487646102905
1.0,0.10788359493017197
1.0,0.19666174054145813
1.0,0.034102484583854675
1.0,0.025732260197401047
1.0,0.0769818052649498
1.0,0.722409188747406
1.0,0.002488904632627964
1.0,0.19927507638931274
1.0,0.5623155236244202
1.0,0.46361300349235535
1.0,0.05526018142700195
1.0,0.9448790550231934
1.0,0.01100881863385439
1.0,0.08189336210489273
1.0,0.5931945443153381
1.0,0.09494361281394958
1.0,0.24129952490329742
1.0,0.20411112904548645
1.0,0.17838282883167267
1.0,0.0011883690021932125
1.0,0.9907169938087463
1.0,0.6318777203559875
1.0,0.8915219306945801
1.0,0.6346395015716553
1.0,0.013900764286518097
1.0,0.4691121578216553
1.0,0.048579420894384384
1.0,0.36788082122802734
1.0,0.03865906223654747
1.0,0.6145230531692505
1.0,0.1618291288614273
1.0,0.010277930647134781
1.0,0.002577289240434766
1.0,0.5331061482429504
1.0,0.9400160312652588
1.0,0.9566982984542847
1.0,0.7033520936965942
1.0,0.9832509160041809
1.0,0.7437757849693298
1.0,0.409104585647583
1.0,0.00011739694309653714
1.0,0.21004335582256317
1.0,0.08629181236028671
1.0,0.6195756196975708
1.0,0.6208417415618896
1.0,0.553795576095581
1.0,0.42331790924072266
1.0,0.9063738584518433
1.0,0.5228549242019653
1.0,0.4413720667362213
1.0,0.6221349835395813
1.0,0.3202684819698334
1.0,0.04841224104166031
1.0,0.1309952735900879
1.0,0.5444959998130798
1.0,0.9745792150497437
1.0,0.014060268178582191
1.0,0.00836002267897129
1.0,0.3628077507019043
1.0,0.5210005044937134
1.0,0.19910261034965515
1.0,0.05835705250501633
1.0,0.14186207950115204
1.0,0.024039946496486664
1.0,0.5879624485969543
1.0,0.0015831943601369858
1.0,0.009819358587265015
1.0,0.18180200457572937
1.0,0.8233696222305298
1.0,0.008008674718439579
1.0,0.31576108932495117
1.0,0.07584784924983978
1.0,0.21648217737674713
1.0,0.9219918251037598
1.0,0.09428288787603378
1.0,0.6890982389450073
1.0,0.40179121494293213
1.0,0.059377700090408325
1.0,0.1042848750948906
1.0,0.001288007595576346
1.0,0.6229155659675598
1.0,0.10067492723464966
1.0,0.26094305515289307
1.0,0.005335962399840355
1.0,0.0012684967368841171
1.0,0.1692379117012024
1.0,0.03689449280500412
1.0,0.5551716685295105
1.0,0.0007242026622407138
1.0,0.37078890204429626
1.0,0.0006288751028478146
1.0,0.23554885387420654
1.0,0.10405151546001434
1.0,0.008702388033270836
1.0,0.2069849818944931
1.0,0.313277006149292
1.0,0.5721526741981506
1.0,0.6902356743812561
1.0,0.6941910982131958
1.0,0.24814067780971527
1.0,0.003407735377550125
1.0,0.14790619909763336
1.0,0.004411719273775816
1.0,0.09566577523946762
1.0,0.014255656860768795
1.0,0.6933966279029846
1.0,0.4730171859264374
1.0,0.003380351699888706
1.0,0.02240670472383499
1.0,0.021725082769989967
1.0,1.923004492709879e-05
1.0,0.1992579847574234
1.0,0.14028333127498627
1.0,0.0035414802841842175
1.0,0.058160435408353806
1.0,0.9227389693260193
1.0,0.8624945282936096
1.0,0.046283796429634094
1.0,0.0029098212253302336
1.0,0.06994595378637314
1.0,0.979052722454071
1.0,0.0982736125588417
1.0,0.7110302448272705
1.0,0.011486509814858437
1.0,0.6930153965950012
1.0,0.17594140768051147
1.0,0.04712522029876709
1.0,0.10442531108856201
1.0,1.0801613825606182e-07
1.0,0.20690730214118958
1.0,0.05075814574956894
1.0,0.00013980141375213861
1.0,0.2361825704574585
1.0,0.052734874188899994
1.0,0.11737290769815445
1.0,0.01748652197420597
1.0,0.2637287676334381
1.0,0.012233142741024494
1.0,0.035461582243442535
1.0,0.0014347332762554288
1.0,0.15050217509269714
1.0,0.21698088943958282
1.0,0.16124488413333893
1.0,0.8902285695075989
1.0,0.03182242438197136
1.0,0.13305428624153137
1.0,0.0898294448852539
1.0,0.46908318996429443
1.0,0.2591395080089569
1.0,0.1967732310295105
1.0,0.03506353124976158
1.0,0.08570373058319092
1.0,0.0036647706292569637
1.0,0.09277784079313278
1.0,0.0006485156482085586
1.0,0.06992850452661514
1.0,0.1497873067855835
1.0,0.33516719937324524
1.0,0.058782242238521576
1.0,0.008010391145944595
1.0,4.655416887544561e-06
1.0,0.014534294605255127
1.0,0.1074041947722435
1.0,0.12750576436519623
1.0,0.8346022963523865
1.0,0.36873912811279297
1.0,0.09405779093503952
1.0,0.5776380896568298
1.0,0.3040737807750702
1.0,0.2893523573875427
1.0,0.5796105265617371
1.0,0.2195080667734146
1.0,0.6927322149276733
1.0,0.0683361142873764
1.0,0.5299369096755981
1.0,0.48583894968032837
1.0,0.9104374051094055
1.0,0.7173358201980591
1.0,0.9247071146965027
1.0,0.4547668695449829
1.0,0.9702170491218567
1.0,0.698024570941925
1.0,0.4036664068698883
1.0,0.39983931183815
1.0,0.16435004770755768
1.0,0.13900451362133026
1.0,0.7697939872741699
1.0,0.46831801533699036
1.0,5.31748628418427e-06
1.0,0.07278566062450409
1.0,0.059569962322711945
1.0,0.5706832408905029
1.0,0.26082292199134827
1.0,0.011871950700879097
1.0,0.03220275044441223
1.0,0.032098960131406784
1.0,0.1347496211528778
1.0,0.43991002440452576
1.0,0.15045087039470673
1.0,0.00713629275560379
1.0,0.02706366404891014
1.0,0.11867924779653549
1.0,0.31176653504371643
1.0,0.0011429693549871445
1.0,0.026638241484761238
1.0,0.04698765277862549
1.0,0.16519074141979218
1.0,0.0009586469968780875
1.0,0.5522028803825378
1.0,0.33799341320991516
1.0,0.015923060476779938
1.0,0.06409414857625961
1.0,0.7655611634254456
1.0,0.38695764541625977
1.0,0.32636016607284546
1.0,0.9404803514480591
1.0,0.4834672808647156
1.0,0.8975054025650024
1.0,0.135080486536026
1.0,0.06869424879550934
1.0,0.02578958310186863
1.0,0.25578776001930237
1.0,0.23589713871479034
1.0,0.060451995581388474
1.0,0.02499663084745407
1.0,0.04315405711531639
1.0,0.6548141241073608
1.0,0.22524257004261017
1.0,0.0029429441783577204
1.0,0.040485650300979614
1.0,0.0006137453019618988
1.0,0.1366613358259201
1.0,0.16544440388679504
1.0,0.640878438949585
1.0,0.007808374706655741
1.0,0.09838972240686417
1.0,0.018769653514027596
1.0,0.06595125049352646
1.0,0.8292204737663269
1.0,0.07082708925008774
1.0,0.6625043749809265
1.0,0.14933376014232635
1.0,0.011494271457195282
1.0,0.24946191906929016
1.0,0.7988734841346741
1.0,0.10551028698682785
1.0,0.0062917559407651424
1.0,1.916165456350427e-05
1.0,0.13816554844379425
1.0,0.2286960333585739
1.0,0.04694196954369545
1.0,0.005639964248985052
1.0,0.18774844706058502
1.0,0.05284581705927849
1.0,0.8533064126968384
1.0,0.7657437324523926
1.0,0.009656434878706932
1.0,0.0033357462380081415
1.0,0.27217423915863037
1.0,0.20300035178661346
1.0,0.004361769184470177
1.0,0.01242536585777998
1.0,0.38333022594451904
1.0,0.5904409289360046
1.0,0.041658367961645126
1.0,0.8670693635940552
1.0,0.7950679659843445
1.0,0.9122925996780396
1.0,0.02417818270623684
1.0,0.36911818385124207
1.0,0.39058202505111694
1.0,0.07988706976175308
1.0,0.4551677107810974
1.0,0.20533446967601776
1.0,0.2081882804632187
1.0,0.3797982931137085
1.0,0.0187073927372694
1.0,4.5461209083441645e-05
1.0,0.13653583824634552
1.0,0.021378064528107643
1.0,0.001958014676347375
1.0,0.06576479226350784
1.0,0.6284536719322205
1.0,0.3633823096752167
1.0,0.006519187707453966
1.0,0.49308761954307556
1.0,0.00040522016934119165
1.0,0.002451313426718116
1.0,0.02857443317770958
1.0,0.726539671421051
1.0,0.1920425444841385
1.0,0.008023246191442013
1.0,0.14362795650959015
1.0,0.12213202565908432
1.0,0.05758756771683693
1.0,0.05623379349708557
1.0,0.637505829334259
1.0,0.19495820999145508
1.0,0.060279082506895065
1.0,0.027450252324342728
1.0,0.08599553257226944
1.0,0.008717287331819534
1.0,8.824185329103784e-07
1.0,0.41514453291893005
1.0,0.5846238732337952
1.0,0.6768262982368469
1.0,0.03934124484658241
1.0,0.01781655102968216
1.0,0.01978377252817154
1.0,0.009574399329721928
1.0,0.4176510274410248
1.0,0.1555730700492859
1.0,0.6869778037071228
1.0,0.904040515422821
1.0,0.3002750277519226
1.0,0.0038596568629145622
1.0,0.0033421984408050776
1.0,0.8218305706977844
1.0,0.9431300759315491
1.0,0.4642080068588257
1.0,0.03277502954006195
1.0,0.328535258769989
1.0,0.0009700809605419636
1.0,0.019741728901863098
1.0,0.06696053594350815
1.0,0.030278056859970093
1.0,0.05219489336013794
1.0,0.07983541488647461
1.0,0.09616423398256302
1.0,0.09881007671356201
1.0,0.6089868545532227
1.0,0.0043344623409211636
1.0,0.007638789247721434
1.0,0.06870375573635101
1.0,0.0035132956691086292
1.0,0.10354207456111908
1.0,4.676747266785242e-05
1.0,0.09436234086751938
1.0,0.00015365745639428496
1.0,0.01731751672923565
1.0,0.2286953628063202
1.0,0.5874385237693787
1.0,0.0705447867512703
1.0,0.006777915637940168
1.0,0.08514509350061417
1.0,0.3726377487182617
1.0,0.5335461497306824
1.0,9.50479443417862e-05
1.0,0.5268187522888184
1.0,0.14757776260375977
1.0,0.9221712350845337
1.0,0.3168770372867584
1.0,0.014023806899785995
1.0,0.20410281419754028
1.0,5.30484139744658e-05
1.0,0.04195081442594528
1.0,0.6105255484580994
1.0,0.0001015383968479
1.0,0.06004248932003975
1.0,0.00027190070250071585
1.0,0.06473719328641891
1.0,0.027906665578484535
1.0,0.0006131182890385389
1.0,0.052208710461854935
1.0,0.022446906194090843
1.0,0.04278161749243736
1.0,0.3876781165599823
1.0,0.0175949577242136
1.0,0.8390242457389832
1.0,0.04955311492085457
1.0,0.8949490189552307
1.0,0.008160392753779888
1.0,0.9233558177947998
1.0,0.6602600812911987
1.0,0.06568154692649841
1.0,0.11328702419996262
1.0,0.13079310953617096
1.0,0.0009409626363776624
1.0,0.003925278317183256
1.0,0.3915848135948181
1.0,0.10935668647289276
1.0,0.27927708625793457
1.0,0.021868722513318062
1.0,1.3797728115605423e-06
1.0,0.7772852182388306
1.0,0.027927501127123833
1.0,0.45484796166419983
1.0,0.6171723008155823
1.0,0.8719599843025208
1.0,0.14078272879123688
1.0,0.01823248155415058
1.0,0.4341003894805908
1.0,0.8206608295440674
1.0,0.42675408720970154
1.0,0.73311448097229
1.0,0.9321208000183105
1.0,0.007236089091747999
1.0,0.09099172055721283
1.0,0.00684238038957119
1.0,0.9038246273994446
1.0,0.01991809532046318
1.0,0.16959188878536224
1.0,1.693844751571305e-05
1.0,0.009864949621260166
1.0,0.174008309841156
1.0,0.10811761766672134
1.0,0.7914238572120667
1.0,0.5219029188156128
1.0,0.22183464467525482
1.0,0.18639279901981354
1.0,0.45457199215888977
1.0,0.00454188184812665
1.0,0.23273488879203796
1.0,0.4562026262283325
1.0,0.9750792980194092
1.0,0.3328150510787964
1.0,0.4050701856613159
1.0,0.08676030486822128
1.0,0.46490374207496643
1.0,0.14456258714199066
1.0,0.23746193945407867
1.0,0.619173526763916
1.0,0.0006349561153911054
1.0,0.2211921066045761
1.0,0.38755279779434204
1.0,0.02010863460600376
1.0,0.02494239993393421
1.0,0.0024181297048926353
1.0,0.4914861023426056
1.0,0.8796356320381165
1.0,0.8599477410316467
1.0,0.36307334899902344
1.0,0.2926856279373169
1.0,0.40050965547561646
1.0,0.07741031795740128
1.0,0.4053517282009125
1.0,0.32568562030792236
1.0,0.5005661249160767
1.0,0.11183108389377594
1.0,0.8936951756477356
1.0,0.6644593477249146
1.0,0.7961851358413696
1.0,0.0001801001199055463
1.0,0.0007195367361418903
1.0,0.0032096258364617825
1.0,8.355486080802166e-09
1.0,0.03428586199879646
1.0,0.5174344778060913
1.0,0.02275543287396431
1.0,0.0011744837975129485
1.0,0.09893468767404556
1.0,0.2119808942079544
1.0,0.029710441827774048
1.0,0.060276150703430176
1.0,0.45603159070014954
1.0,0.8860792517662048
1.0,0.641670286655426
1.0,0.00345115945674479
1.0,0.02018294669687748
1.0,0.11790374666452408
1.0,0.6584823131561279
1.0,0.21030476689338684
1.0,0.20237675309181213
1.0,0.29110288619995117
1.0,0.43871188163757324
1.0,0.4391367435455322
1.0,0.32132694125175476
1.0,0.25396090745925903
1.0,0.06869606673717499
1.0,0.621722936630249
1.0,0.32126694917678833
1.0,0.15727250277996063
1.0,0.17164669930934906
1.0,0.2531055510044098
1.0,0.19056345522403717
1.0,0.0665726289153099
1.0,0.1316281110048294
1.0,0.04006809741258621
1.0,0.46293559670448303
1.0,0.30224618315696716
1.0,0.05572282150387764
1.0,0.8939197063446045
1.0,0.0070912898518145084
1.0,0.020427586510777473
1.0,0.011756316758692265
1.0,0.031629208475351334
1.0,0.10154948383569717
1.0,0.019785715267062187
1.0,0.09890688955783844
1.0,0.8599974513053894
1.0,0.1573796272277832
1.0,0.45738962292671204
1.0,0.31351691484451294
1.0,0.3777700662612915
1.0,0.024745874106884003
1.0,0.10381746292114258
1.0,0.10400056093931198
1.0,0.0023142804857343435
1.0,0.6937740445137024
1.0,0.2502409517765045
1.0,0.20806385576725006
1.0,0.40230870246887207
1.0,0.11211421340703964
1.0,0.06336400657892227
1.0,0.2168128490447998
1.0,0.30012208223342896
1.0,0.5942310094833374
1.0,0.9348395466804504
1.0,0.058820690959692
1.0,0.3691595196723938
1.0,0.6830928325653076
1.0,0.3582235872745514
1.0,0.6670606732368469
1.0,0.13034303486347198
1.0,0.4982362389564514
1.0,0.04602797329425812
1.0,0.6064301133155823
1.0,0.2656414806842804
1.0,0.03540736064314842
1.0,0.5512685775756836
1.0,0.819956362247467
1.0,0.05849435552954674
1.0,0.01058230921626091
1.0,0.042893413454294205
1.0,0.219400092959404
1.0,0.593268871307373
1.0,0.48946765065193176
1.0,0.015041054226458073
1.0,0.9132611751556396
1.0,0.3837542235851288
1.0,0.0124632203951478
1.0,0.23315222561359406
1.0,0.0016999696381390095
1.0,0.7390104532241821
1.0,0.8216336965560913
1.0,0.05920424684882164
1.0,0.808713436126709
1.0,0.5800793766975403
1.0,0.056419868022203445
1.0,0.7568469643592834
1.0,0.605130672454834
1.0,0.1815868765115738
1.0,0.0070518553256988525
1.0,0.061856213957071304
1.0,0.6996739506721497
1.0,0.9572162628173828
1.0,0.7951834201812744
1.0,0.026134785264730453
1.0,0.021858133375644684
1.0,0.5392909049987793
1.0,0.0004635113291442394
1.0,0.018852144479751587
1.0,0.2539154589176178
1.0,0.03770488500595093
1.0,0.8838565349578857
1.0,0.16570620238780975
1.0,0.001199267921037972
1.0,0.13856945931911469
1.0,0.6701673865318298
1.0,0.018853485584259033
1.0,0.417605459690094
1.0,0.6365806460380554
1.0,0.5470330715179443
1.0,0.0006703344988636672
1.0,0.20166252553462982
1.0,0.3927404582500458
1.0,0.20777004957199097
1.0,0.5452901721000671
1.0,0.8892450928688049
1.0,0.025151895359158516
1.0,0.6132788062095642
1.0,0.10911532491445541
1.0,0.08924208581447601
1.0,0.24009692668914795
1.0,0.23222847282886505
1.0,0.005317463539540768
1.0,0.27708759903907776
1.0,0.34096309542655945
1.0,0.34827497601509094
1.0,0.4026629626750946
1.0,0.20884914696216583
1.0,0.00013305741595104337
1.0,0.33179971575737
1.0,0.616792619228363
1.0,0.18820536136627197
1.0,0.03344626724720001
1.0,0.1433427333831787
1.0,0.4805104434490204
1.0,0.009050071239471436
1.0,0.7530567646026611
1.0,0.0022069246042519808
1.0,0.09439700841903687
1.0,0.7957386374473572
1.0,0.16115839779376984
1.0,0.015717320144176483
1.0,0.336221307516098
1.0,0.010659407824277878
1.0,0.3449103832244873
1.0,0.5900783538818359
1.0,0.7920899391174316
1.0,0.0016150407027453184
1.0,0.20027564465999603
1.0,0.006127428729087114
1.0,0.0659802183508873
1.0,0.20063532888889313
1.0,0.23335304856300354
1.0,0.0011271954281255603
1.0,0.4606357514858246
1.0,0.009573748335242271
1.0,0.9899978041648865
1.0,0.011734526604413986
1.0,0.43217238783836365
1.0,0.09970947355031967
1.0,0.4227235019207001
1.0,0.10912533849477768
1.0,0.11694897711277008
1.0,0.6128891110420227
1.0,0.37810659408569336
1.0,0.3142094612121582
1.0,9.421764843864366e-05
1.0,0.6079887747764587
1.0,0.49318644404411316
1.0,0.847680926322937
1.0,0.053881626576185226
1.0,0.21504716575145721
1.0,0.011020174250006676
1.0,0.07258356362581253
1.0,0.00927189365029335
1.0,0.7976793050765991
1.0,0.8659738302230835
1.0,0.003712351666763425
1.0,0.0004847263917326927
1.0,0.0735231563448906
1.0,0.20869651436805725
1.0,0.4048822522163391
1.0,0.5667189955711365
1.0,0.016856921836733818
1.0,0.6987566351890564
1.0,0.049153104424476624
1.0,0.3604358434677124
1.0,0.7861212491989136
1.0,0.8716990947723389
1.0,0.3604012131690979
1.0,0.5370083451271057
1.0,0.03320347145199776
1.0,0.5224716663360596
1.0,0.8200948238372803
1.0,0.03107227012515068
1.0,0.3671525716781616
1.0,0.490163654088974
1.0,0.9478904604911804
1.0,0.22427615523338318
1.0,0.041037365794181824
1.0,0.0016130519798025489
1.0,0.10496918112039566
1.0,0.8625704646110535
1.0,0.18268658220767975
1.0,0.40433987975120544
1.0,0.26034632325172424
1.0,0.007631535176187754
1.0,0.9747973680496216
1.0,0.10670866817235947
1.0,0.7703180313110352
1.0,0.06776584684848785
1.0,0.0025099385529756546
1.0,0.003458300605416298
1.0,0.013478467240929604
1.0,0.6729623079299927
1.0,0.0290068332105875
1.0,0.40355971455574036
1.0,0.16831620037555695
1.0,2.4481974833179265e-05
1.0,0.21303674578666687
1.0,0.012130005285143852
1.0,0.07972852140665054
1.0,0.011728937737643719
1.0,0.04257933422923088
1.0,0.012453330680727959
1.0,0.026831135153770447
1.0,0.6504530310630798
1.0,0.059760015457868576
1.0,0.9732996821403503
1.0,0.6801654100418091
1.0,0.10477442294359207
1.0,0.0019901718478649855
1.0,0.39533719420433044
1.0,0.14583927392959595
1.0,0.27880051732063293
1.0,0.29091185331344604
1.0,0.8554685115814209
1.0,0.2969152629375458
1.0,0.05070200189948082
1.0,0.00151278346311301
1.0,0.0013120020739734173
1.0,0.12895813584327698
1.0,0.0014599909773096442
1.0,0.04244736582040787
1.0,0.024118797853589058
1.0,4.970592726749601e-06
1.0,0.0008131396025419235
1.0,0.8482120037078857
1.0,0.4140875041484833
1.0,0.9185765385627747
1.0,0.027599137276411057
1.0,0.31969568133354187
1.0,0.12310388684272766
1.0,0.07661280035972595
1.0,0.05845487862825394
1.0,0.23875632882118225
1.0,0.06856635957956314
1.0,0.0002487700548954308
1.0,0.3160446882247925
1.0,0.22584566473960876
1.0,0.6382538080215454
1.0,6.216527981450781e-05
1.0,0.0003714282647706568
1.0,0.06739190220832825
1.0,0.006373011972755194
1.0,0.012522648088634014
1.0,0.17568562924861908
1.0,0.682519793510437
1.0,0.5090546607971191
1.0,0.4102170765399933
1.0,0.12822581827640533
1.0,3.7966121908539208e-06
1.0,0.22466780245304108
1.0,0.060175541788339615
1.0,0.010748235508799553
1.0,0.002369494177401066
1.0,0.9110381603240967
1.0,0.029388779774308205
1.0,0.020796548575162888
1.0,0.8347141742706299
1.0,0.1513696312904358
1.0,0.192057803273201
1.0,0.9216355681419373
1.0,0.7248212695121765
1.0,0.3750956356525421
1.0,0.07718849927186966
1.0,0.08066723495721817
1.0,0.02021343633532524
1.0,0.16191212832927704
1.0,0.010376437567174435
1.0,0.6032132506370544
1.0,0.11937253922224045
1.0,0.17988339066505432
1.0,0.3420659601688385
1.0,0.0013150001177564263
1.0,0.3371846377849579
1.0,0.6339125037193298
1.0,0.5982062816619873
1.0,0.013346165418624878
1.0,0.006074090022593737
1.0,0.29730024933815
1.0,0.4825776219367981
1.0,0.2201480120420456
1.0,0.5011898279190063
1.0,0.27885866165161133
1.0,0.591852068901062
1.0,0.20691032707691193
1.0,0.006577565334737301
1.0,0.00553708104416728
1.0,0.03227832168340683
1.0,0.1832038313150406
1.0,0.005001632031053305
1.0,0.6758906245231628
1.0,0.010128293186426163
1.0,0.16566303372383118
1.0,0.04270564392209053
1.0,0.006110481917858124
1.0,0.04964106157422066
1.0,0.0008968021720647812
1.0,0.8349626064300537
1.0,0.38360464572906494
1.0,0.5280067324638367
1.0,0.017863405868411064
1.0,0.00569681404158473
1.0,0.5464755296707153
1.0,0.0016445207875221968
1.0,0.014964352361857891
1.0,0.0004513609455898404
1.0,0.9272670745849609
1.0,0.17984849214553833
1.0,0.22235332429409027
1.0,0.2970799207687378
1.0,0.11497906595468521
1.0,0.054144248366355896
1.0,0.6068770885467529
1.0,0.13231261074543
1.0,0.6447577476501465
1.0,0.18016257882118225
1.0,0.7124146223068237
1.0,0.046367377042770386
1.0,0.023243991658091545
1.0,0.951507031917572
1.0,0.5007394552230835
1.0,0.18044456839561462
1.0,0.9922673106193542
1.0,0.00039753911551088095
1.0,0.6820067167282104
1.0,0.010268103331327438
1.0,0.29272955656051636
1.0,0.11152712255716324
1.0,0.6553534269332886
1.0,0.9244624376296997
1.0,0.12292657792568207
1.0,0.15726779401302338
1.0,0.06428562104701996
1.0,0.01966404728591442
1.0,0.18209964036941528
1.0,0.06983978301286697
1.0,0.32313284277915955
1.0,0.014767885208129883
1.0,0.27462321519851685
1.0,0.13018666207790375
1.0,0.2921241223812103
1.0,0.5442329049110413
1.0,0.37596237659454346
1.0,0.03900999575853348
1.0,0.10464538633823395
1.0,0.01735079474747181
1.0,0.005141264293342829
1.0,0.0016512090805917978
1.0,0.5210825800895691
1.0,1.7184736861963756e-05
1.0,0.0001460262283217162
1.0,0.09957940131425858
1.0,0.07429532706737518
1.0,0.0882062315940857
1.0,0.022712135687470436
1.0,0.9924710988998413
1.0,0.0009986235527321696
1.0,0.010624796152114868
1.0,0.6999020576477051
1.0,0.0011221958557143807
1.0,0.17571380734443665
1.0,0.17384853959083557
1.0,0.002784821903333068
1.0,0.2933614253997803
1.0,0.19942882657051086
1.0,0.11855920404195786
1.0,0.006419499404728413
1.0,0.3442032039165497
1.0,0.04292351379990578
1.0,0.05678795650601387
1.0,0.7066604495048523
1.0,0.4403676390647888
1.0,0.5542269945144653
1.0,0.11479272693395615
1.0,0.0005111685022711754
1.0,0.47347500920295715
1.0,0.4832571744918823
1.0,0.8785954713821411
1.0,0.04323301091790199
1.0,0.0988548994064331
1.0,0.0142317283898592
1.0,0.12333262711763382
1.0,0.5783778429031372
1.0,0.006387651897966862
1.0,0.0019243006827309728
1.0,0.3526421785354614
1.0,0.015092943795025349
1.0,0.21234510838985443
1.0,0.9475654363632202
1.0,0.5173293352127075
1.0,0.12576961517333984
1.0,0.014941638335585594
1.0,0.9143891334533691
1.0,0.05425851047039032
1.0,0.5397632718086243
1.0,0.07798365503549576
1.0,0.26816627383232117
1.0,0.08991535753011703
1.0,0.7054669260978699
1.0,0.0008430486777797341
1.0,5.207758931646822e-06
1.0,0.31289219856262207
1.0,0.7821411490440369
1.0,0.5924903750419617
1.0,0.0019548386335372925
1.0,0.45303940773010254
1.0,0.9443098902702332
1.0,0.5703300833702087
1.0,0.002739150309935212
1.0,0.001955603715032339
1.0,0.28778770565986633
1.0,0.10580518841743469
1.0,0.005976294633001089
1.0,0.44626444578170776
1.0,0.08919701725244522
1.0,0.039446938782930374
1.0,0.10289334505796432
1.0,0.01822514459490776
1.0,0.0019018866587430239
1.0,0.04020826891064644
1.0,0.8777399659156799
1.0,0.8751147985458374
1.0,1.610212893865537e-05
1.0,0.2160988301038742
1.0,0.44479021430015564
1.0,0.4784897267818451
1.0,0.5728721618652344
1.0,0.7352392673492432
1.0,0.08328105509281158
1.0,0.1920040398836136
1.0,0.04838452488183975
1.0,0.7237647175788879
1.0,0.021288195624947548
1.0,0.3070225715637207
1.0,0.08048268407583237
1.0,0.6010094881057739
1.0,0.44735968112945557
1.0,0.9309719204902649
1.0,0.7278428077697754
1.0,0.8235905170440674
1.0,0.026628531515598297
1.0,0.714253306388855
1.0,0.31700608134269714
1.0,0.4284026622772217
1.0,4.4022421207046136e-05
1.0,0.4274931848049164
1.0,0.7799486517906189
1.0,0.004740569740533829
1.0,0.01391699630767107
1.0,0.6269073486328125
1.0,8.101591083686799e-05
1.0,0.1494770646095276
1.0,0.9621763229370117
1.0,0.4103606641292572
1.0,5.902662451262586e-05
1.0,0.0030152862891554832
1.0,0.00940760225057602
1.0,0.151760071516037
1.0,0.05388898029923439
1.0,0.17235799133777618
1.0,0.08368450403213501
1.0,0.043611448258161545
1.0,0.18621820211410522
1.0,0.07620065659284592
1.0,0.014737328514456749
1.0,0.032576125115156174
1.0,0.01602640375494957
1.0,0.7657744884490967
1.0,0.358722448348999
1.0,0.01575448364019394
1.0,0.4356829524040222
1.0,0.18227019906044006
1.0,0.02914055436849594
1.0,0.03548714891076088
1.0,0.00012583052739501
1.0,0.00010808149818331003
1.0,0.38643088936805725
1.0,0.036791808903217316
1.0,0.0016605763230472803
1.0,0.09472579509019852
1.0,0.009369472041726112
1.0,0.012174264527857304
1.0,0.055365853011608124
1.0,0.8357905149459839
1.0,0.8647320866584778
1.0,0.07674511522054672
1.0,0.8977116346359253
1.0,0.7491216659545898
1.0,0.0007745122420601547
1.0,0.4645724892616272
1.0,0.09121742844581604
1.0,0.14421482384204865
1.0,0.3339073061943054
1.0,0.03989560529589653
1.0,0.845504879951477
1.0,0.26943403482437134
1.0,0.049481555819511414
1.0,0.07998694479465485
1.0,0.6552156209945679
1.0,0.25712570548057556
1.0,0.01039185468107462
1.0,0.10608648508787155
1.0,0.29503029584884644
1.0,0.18530966341495514
1.0,0.0005278566386550665
1.0,0.5589004158973694
1.0,0.020453965291380882
1.0,0.34618961811065674
1.0,0.7374274730682373
1.0,0.46588748693466187
1.0,0.4004589021205902
1.0,0.07811802625656128
1.0,0.6912569403648376
1.0,0.8711413145065308
1.0,0.12759943306446075
1.0,0.5538666844367981
1.0,0.012782080098986626
1.0,0.04298112913966179
1.0,0.6035646796226501
1.0,0.06965784728527069
1.0,0.0001364017225569114
1.0,0.14181236922740936
1.0,0.2661283016204834
1.0,0.0056236241944134235
1.0,0.3173274099826813
1.0,0.18719157576560974
1.0,0.0008362536318600178
1.0,0.08259431272745132
1.0,0.007832483388483524
1.0,1.0417127668915782e-05
1.0,8.094701115624048e-06
1.0,0.17081552743911743
1.0,0.0015871268697082996
1.0,0.04406002536416054
1.0,3.1176332413451746e-05
1.0,0.1700436919927597
1.0,0.027803471311926842
1.0,0.14834636449813843
1.0,0.06566589325666428
1.0,0.6233948469161987
1.0,0.8635799884796143
1.0,0.00019484045333229005
1.0,0.0017019340302795172
1.0,0.19328153133392334
1.0,0.02883218601346016
1.0,0.0008920523105189204
1.0,0.4058353304862976
1.0,0.10830879211425781
1.0,0.015909183770418167
1.0,0.05048346519470215
1.0,0.03880922123789787
1.0,0.0024386609438806772
1.0,0.43125391006469727
1.0,0.8762516975402832
1.0,0.2030785083770752
1.0,0.4882664978504181
1.0,0.5283769369125366
1.0,0.7198116183280945
1.0,0.0018599603790789843
1.0,0.036001380532979965
1.0,0.42104536294937134
1.0,0.19637759029865265
1.0,0.43181946873664856
1.0,0.09606478363275528
1.0,0.9756185412406921
1.0,0.8657465577125549
1.0,0.7579724788665771
1.0,0.5777351260185242
1.0,0.08233999460935593
1.0,0.3976972699165344
1.0,0.009085982106626034
1.0,4.486103352974169e-05
1.0,0.01700768806040287
1.0,0.9560143351554871
1.0,0.011346828192472458
1.0,0.1398845762014389
1.0,0.008452165871858597
1.0,0.005922248121351004
1.0,0.44186127185821533
1.0,6.805674246379567e-08
1.0,0.010867135599255562
1.0,0.2715674042701721
1.0,0.08861909061670303
1.0,0.44247210025787354
1.0,0.08327186852693558
1.0,0.9445472359657288
1.0,0.004503432661294937
1.0,0.007883756421506405
1.0,0.05781201273202896
1.0,0.4409182369709015
1.0,0.01645468920469284
1.0,0.09011111408472061
1.0,0.00898645631968975
1.0,0.6505702137947083
1.0,0.061139218509197235
1.0,0.7319353818893433
1.0,0.0009134840802289546
1.0,0.27402549982070923
1.0,0.00036670718691311777
1.0,0.5082437992095947
1.0,0.00021014601225033402
1.0,0.18450434505939484
1.0,0.12317541241645813
1.0,0.8956950902938843
1.0,0.0840454027056694
1.0,0.6773043274879456
1.0,0.005244112573564053
1.0,0.4701082706451416
1.0,0.06214882805943489
1.0,0.4460572600364685
1.0,0.9053508639335632
1.0,0.0002478084643371403
1.0,0.04593856260180473
1.0,0.0633455142378807
1.0,0.5482596158981323
1.0,0.9462488889694214
1.0,0.013303009793162346
1.0,0.6304799914360046
1.0,0.6104785203933716
1.0,0.1529816836118698
1.0,0.44676461815834045
1.0,0.0541168674826622
1.0,0.009293772280216217
1.0,0.022813066840171814
1.0,0.5019727945327759
1.0,0.9225004315376282
1.0,0.017338693141937256
1.0,0.07613343000411987
1.0,0.1630207896232605
1.0,0.0004916707403026521
1.0,0.2919967770576477
1.0,0.7152084708213806
1.0,0.09634276479482651
1.0,0.31495052576065063
1.0,0.6170766353607178
1.0,0.05176571384072304
1.0,0.0036389019805938005
1.0,0.029641516506671906
1.0,0.3990877866744995
1.0,0.4701109528541565
1.0,7.444218226737576e-06
1.0,0.017095066606998444
1.0,0.015428346581757069
1.0,0.0005026962026022375
1.0,0.0858646035194397
1.0,0.8779494762420654
1.0,0.04337066784501076
1.0,0.8144360780715942
1.0,0.7209511995315552
1.0,0.012197195552289486
1.0,0.2444557398557663
1.0,0.15750440955162048
1.0,0.017900504171848297
1.0,0.0021541130263358355
1.0,0.061790235340595245
1.0,0.6301620602607727
1.0,0.20674926042556763
1.0,0.024308213964104652
1.0,0.0053495015017688274
1.0,0.4182223975658417
1.0,0.4165356159210205
1.0,0.15683777630329132
1.0,0.03946307674050331
1.0,0.24455219507217407
1.0,0.041891977190971375
1.0,0.01582333631813526
1.0,0.5214216113090515
1.0,0.16976140439510345
1.0,0.08873973041772842
1.0,0.0019922840874642134
1.0,0.008997402153909206
1.0,0.9539159536361694
1.0,0.11898680776357651
1.0,0.00038429227424785495
1.0,0.014587389305233955
1.0,0.0015344161074608564
1.0,0.002865093993023038
1.0,1.197555502585601e-05
1.0,9.117445006268099e-05
1.0,0.8511902093887329
1.0,5.835486607819185e-12
1.0,0.06907405704259872
1.0,0.17225147783756256
1.0,0.018905719742178917
1.0,0.3438604176044464
1.0,0.019465692341327667
1.0,0.00040250769234262407
1.0,0.0023891532327979803
1.0,0.2954657971858978
1.0,0.11847101897001266
1.0,0.1701006144285202
1.0,0.01825861446559429
1.0,0.8425168395042419
1.0,0.0037246907595545053
1.0,0.2544293701648712
1.0,0.21609479188919067
1.0,0.1143660619854927
1.0,0.00096942821983248
1.0,0.00034459077869541943
1.0,0.07714264839887619
1.0,0.009846281260251999
1.0,0.1634339690208435
1.0,0.032575301826000214
1.0,0.03719785809516907
1.0,0.00030893864459358156
1.0,0.07387576252222061
1.0,0.89027339220047
1.0,0.6643438935279846
1.0,0.013528763316571712
1.0,0.7826488614082336
1.0,0.13779540359973907
1.0,0.3522484600543976
1.0,0.0012747826986014843
1.0,0.07096153497695923
1.0,0.3866124451160431
1.0,0.11067306250333786
1.0,0.6224023103713989
1.0,0.8042970299720764
1.0,0.03935603052377701
1.0,0.9096139669418335
1.0,0.07816240191459656
1.0,3.256462832723628e-06
1.0,0.002389883855357766
1.0,0.8631191253662109
1.0,0.009904702194035053
1.0,0.5706610679626465
1.0,0.823622465133667
1.0,0.02711355686187744
1.0,0.24310718476772308
1.0,0.6555487513542175
1.0,0.0005039724055677652
1.0,0.04332607239484787
1.0,0.05694907158613205
1.0,0.023983802646398544
1.0,0.07936153560876846
1.0,0.22565525770187378
1.0,0.018280796706676483
1.0,0.3547843098640442
1.0,0.03626345843076706
1.0,0.01859653741121292
1.0,0.817404568195343
1.0,0.0867278203368187
1.0,0.1419861912727356
1.0,0.7265557646751404
1.0,0.10494951158761978
1.0,0.392097145318985
1.0,0.5393009781837463
1.0,0.004936127923429012
1.0,0.0007671399507671595
1.0,0.004566066432744265
1.0,0.007298997137695551
1.0,0.15018032491207123
1.0,0.0945136621594429
1.0,0.07312647998332977
1.0,0.1429872065782547
1.0,0.32787632942199707
1.0,0.2800559103488922
1.0,0.249525785446167
1.0,0.10541865229606628
1.0,0.20373041927814484
1.0,0.5889630913734436
1.0,0.7089715600013733
1.0,0.23467163741588593
1.0,0.332401305437088
1.0,0.18212199211120605
1.0,0.8612733483314514
1.0,0.06400216370820999
1.0,0.026942482218146324
1.0,0.0001137388899223879
1.0,0.07640938460826874
1.0,0.009288925677537918
1.0,4.8346748371841386e-05
1.0,0.005780761130154133
1.0,0.013427906669676304
1.0,2.3217752165294314e-09
1.0,0.05191775783896446
1.0,4.252717553754337e-05
1.0,0.006764030549675226
1.0,0.0003689156728796661
1.0,0.2827019989490509
1.0,0.00388884823769331
1.0,0.006162993144243956
1.0,0.13827547430992126
1.0,5.031707769376226e-05
1.0,0.48824775218963623
1.0,0.0018365740543231368
1.0,0.0019738192204385996
1.0,0.16705745458602905
1.0,0.000533571292180568
1.0,1.1255957588218735e-06
1.0,0.05252968147397041
1.0,0.0021386691369116306
1.0,0.050605658441782
1.0,0.0060816798359155655
1.0,0.6520545482635498
1.0,0.006110475864261389
1.0,0.11758001893758774
1.0,0.6750823259353638
1.0,0.8131914138793945
1.0,0.06381301581859589
1.0,0.764404296875
1.0,0.2811957895755768
1.0,0.021187787875533104
1.0,0.00011703267955454066
1.0,0.9850996136665344
1.0,0.43885719776153564
1.0,0.5489778518676758
1.0,0.6455441117286682
1.0,0.7983844876289368
1.0,0.9481008052825928
1.0,0.003647660603746772
0.0,0.025075126439332962
0.0,0.025823941454291344
0.0,0.00012008974590571597
0.0,0.0002518789260648191
0.0,0.04316193237900734
0.0,0.37147513031959534
0.0,0.03897833824157715
0.0,0.00031589585705660284
0.0,0.00238909968174994
0.0,0.03898739442229271
0.0,0.017532598227262497
0.0,6.976577424211428e-05
0.0,3.384088631719351e-05
0.0,4.59953797271595e-10
0.0,0.16699329018592834
0.0,1.784265441528987e-05
0.0,7.849932444514707e-05
0.0,0.00016162852989509702
0.0,0.0067319683730602264
0.0,4.944255351801985e-07
0.0,0.890306830406189
0.0,0.00747906556352973
0.0,0.07276294380426407
0.0,3.840028028889719e-08
0.0,1.13005182811321e-06
0.0,0.20538534224033356
0.0,0.02830052562057972
0.0,1.8157503291149624e-05
0.0,0.0006053797551430762
0.0,0.0019700401462614536
0.0,7.933135748317e-08
0.0,0.3160029649734497
0.0,0.13245226442813873
0.0,0.04098191112279892
0.0,1.7272242985200137e-05
0.0,6.532364204758778e-05
0.0,0.0001929215795826167
0.0,0.04532564431428909
0.0,0.00032344789360649884
0.0,0.0008481356780976057
0.0,0.009694434702396393
0.0,0.010039327666163445
0.0,0.003145759692415595
0.0,0.0032140803523361683
0.0,2.3050502022670116e-06
0.0,0.13360919058322906
0.0,0.03289297968149185
0.0,0.003523451741784811
0.0,0.0031982697546482086
0.0,9.898919961415231e-05
0.0,0.004253813065588474
0.0,0.005432866048067808
0.0,0.00042660863255150616
0.0,0.3635081648826599
0.0,0.028297029435634613
0.0,0.3507920205593109
0.0,0.027431488037109375
0.0,2.6137669919990003e-05
0.0,0.06500469148159027
0.0,7.271371941897087e-06
0.0,0.001093229977414012
0.0,4.289316620997852e-06
0.0,7.89383102528518e-06
0.0,4.585325896755421e-08
0.0,1.2373349136396428e-06
0.0,8.862346412286115e-09
0.0,0.001450304058380425
0.0,6.70996371354704e-07
0.0,1.1734246641026402e-07
0.0,0.0006312326295301318
0.0,0.8723593354225159
0.0,0.00019680109107866883
0.0,0.028973452746868134
0.0,0.008381741121411324
0.0,1.58043853559775e-08
0.0,0.017244281247258186
0.0,0.0002974492672365159
0.0,0.003494920441880822
0.0,0.0002308874682057649
0.0,0.05020317807793617
0.0,0.0005857556825503707
0.0,0.1767236441373825
0.0,0.24738921225070953
0.0,2.812816273944918e-05
0.0,0.0004450735286809504
0.0,0.010236777365207672
0.0,0.0005816371412947774
0.0,0.0006636277539655566
0.0,0.0005602326709777117
0.0,3.205395387340104e-06
0.0,4.109836382326648e-08
0.0,0.00027617369778454304
0.0,6.7865935307054315e-06
0.0,0.014693875797092915
0.0,0.004564144182950258
0.0,0.01129860058426857
0.0,3.114454766132979e-13
0.0,0.0006928949151188135
0.0,3.131441189907491e-05
0.0,3.5211182876082603e-06
0.0,0.00035399754415266216
0.0,0.002143422607332468
0.0,0.0002489707840140909
0.0,0.0007278852863237262
0.0,2.904442464313206e-09
0.0,3.747040438345506e-12
0.0,0.003964845556765795
0.0,0.3248679041862488
0.0,0.13161781430244446
0.0,0.6282199621200562
0.0,0.03798288479447365
0.0,0.049256086349487305
0.0,0.2765220105648041
0.0,0.003405059687793255
0.0,0.0023128583561629057
0.0,0.00025784780154936016
0.0,0.010781994089484215
0.0,9.870190842775628e-05
0.0,9.439517452847213e-05
0.0,0.21920552849769592
0.0,9.807921141913312e-10
0.0,0.10635145753622055
0.0,0.038941677659749985
0.0,8.71124429977499e-05
0.0,1.919032001751475e-06
0.0,0.3061242699623108
0.0,0.08006835728883743
0.0,0.06118318438529968
0.0,7.875243859811754e-12
0.0,0.5862913727760315
0.0,0.0031531669665127993
0.0,0.1280292272567749
0.0,1.5655441529816017e-05
0.0,0.07476113736629486
0.0,3.5960441891802475e-05
0.0,0.0348060168325901
0.0,4.563105903798714e-06
0.0,2.0292425688239746e-05
0.0,2.6659749892132822e-06
0.0,0.0002771290601231158
0.0,0.010143421590328217
0.0,2.603294160508085e-05
0.0,0.39107245206832886
0.0,0.0032203837763518095
0.0,0.017502209171652794
0.0,1.3655128896061797e-05
0.0,0.04164605960249901
0.0,0.0015727827558293939
0.0,0.0009860425489023328
0.0,2.612893842263153e-12
0.0,0.3016064167022705
0.0,0.21122591197490692
0.0,0.03300202637910843
0.0,0.014292074367403984
0.0,0.013916648924350739
0.0,0.4708218276500702
0.0,0.003285427112132311
0.0,0.2016860395669937
0.0,2.2373724277713336e-06
0.0,0.012610762380063534
0.0,0.10511018335819244
0.0,0.00019812451500911266
0.0,0.00016848398081492633
0.0,0.06073106452822685
0.0,0.0012216881150379777
0.0,7.215249411274272e-07
0.0,0.0004961125669069588
0.0,0.0004903787630610168
0.0,0.34386059641838074
0.0,0.005744584370404482
0.0,0.04113524407148361
0.0,0.02719428576529026
0.0,0.0018002215074375272
0.0,1.2122693078708835e-05
0.0,0.20387214422225952
0.0,0.012823345139622688
0.0,4.241245278535644e-06
0.0,3.1794937171980564e-07
0.0,5.357433565222891e-06
0.0,2.612316529848613e-05
0.0,0.0010525009129196405
0.0,0.00025003557675518095
0.0,0.4717881381511688
0.0,0.006210856605321169
0.0,0.0005038391100242734
0.0,0.0007073854212649167
0.0,2.3361317857961694e-07
0.0,0.004450115840882063
0.0,0.0011388573329895735
0.0,0.0029587410390377045
0.0,0.06683825701475143
0.0,0.0001512836606707424
0.0,4.514400231414584e-08
0.0,0.00034579538623802364
0.0,2.0178955310257152e-05
0.0,0.00027570093516260386
0.0,0.002270882483571768
0.0,0.890198826789856
0.0,0.0012090983800590038
0.0,0.004917033948004246
0.0,0.8234564065933228
0.0,0.01364925131201744
0.0,0.10442982614040375
0.0,2.1290325094014406e-05
0.0,3.591694719418115e-10
0.0,0.01795283704996109
0.0,4.352851192379603e-06
0.0,0.007447202689945698
0.0,5.546903214526111e-11
0.0,0.00036891605122946203
0.0,3.818996390236862e-07
0.0,0.007657264359295368
0.0,3.1326669613918057e-07
0.0,0.15395650267601013
0.0,0.000620304374024272
0.0,0.000442531134467572
0.0,7.192313205450773e-05
0.0,0.2853555381298065
0.0,0.00011422287934692577
0.0,2.4651593776070513e-05
0.0,0.22062942385673523
0.0,0.0007486476679332554
0.0,1.1789911695814226e-06
0.0,0.00040136376628652215
0.0,4.826742224395275e-05
0.0,0.0044767726212739944
0.0,0.0005625865305773914
0.0,0.004187505692243576
0.0,0.08235714584589005
0.0,4.321011510910466e-05
0.0,0.003005215898156166
0.0,3.682369424495846e-06
0.0,5.856361167388968e-05
0.0,0.14094442129135132
0.0,0.0008150715730153024
0.0,2.128786213972944e-08
0.0,0.031198550015687943
0.0,2.0165603928035125e-05
0.0,0.06628653407096863
0.0,0.0023974948562681675
0.0,0.045946817845106125
0.0,0.24946677684783936
0.0,0.6624767780303955
0.0,4.4592659371924664e-14
0.0,0.015496401116251945
0.0,0.032536134123802185
0.0,2.4405806016147835e-06
0.0,0.061215415596961975
0.0,3.8369975641217025e-07
0.0,2.2655785396601819e-13
0.0,0.004323230590671301
0.0,0.10847186297178268
0.0,0.002861374756321311
0.0,1.3231448159345405e-09
0.0,1.2970954230695497e-06
0.0,0.03221126273274422
0.0,0.529332160949707
0.0,0.14340224862098694
0.0,3.835127699858276e-06
0.0,0.09095652401447296
0.0,0.4714405834674835
0.0,0.005170727614313364
0.0,0.003360463073477149
0.0,3.6843891848548083e-06
0.0,5.319567208061926e-05
0.0,0.6348450183868408
0.0,0.0009469678625464439
0.0,0.43542179465293884
0.0,0.2160867303609848
0.0,0.04243139177560806
0.0,0.00016091088764369488
0.0,0.16743621230125427
0.0,0.08517967909574509
0.0,0.1511242389678955
0.0,2.013396624533925e-06
0.0,1.2974249230524038e-08
0.0,0.0051171607337892056
0.0,0.007191002368927002
0.0,0.031032249331474304
0.0,0.004896789323538542
0.0,6.950342879008531e-08
0.0,0.011262313462793827
0.0,0.2891107201576233
0.0,9.60167744779028e-06
0.0,0.5673807263374329
0.0,0.017554886639118195
0.0,5.373874955694191e-06
0.0,0.0005686293006874621
0.0,0.007036466151475906
0.0,1.5118585849904775e-07
0.0,0.07556302100419998
0.0,0.3703676462173462
0.0,0.8729113340377808
0.0,0.0019257382955402136
0.0,4.0377628351961903e-07
0.0,0.009467437863349915
0.0,0.07576216012239456
0.0,0.005128772463649511
0.0,0.12314170598983765
0.0,0.0017466945573687553
0.0,8.908478434932476e-07
0.0,2.375471552795716e-08
0.0,0.00017427725833840668
0.0,1.3455487533065025e-06
0.0,0.014780269004404545
0.0,0.006331519223749638
0.0,0.0006834248779341578
0.0,0.001017407514154911
0.0,0.05185217410326004
0.0,0.10829002410173416
0.0,6.620298336201813e-06
0.0,0.05570802092552185
0.0,1.8322753021493554e-05
0.0,0.11403840035200119
0.0,1.6826986026785562e-08
0.0,0.1163502186536789
0.0,1.2053318641847e-05
0.0,1.1900498364525447e-09
0.0,0.010226859711110592
0.0,5.0355960411252454e-05
0.0,0.4493119418621063
0.0,0.052597254514694214
0.0,0.11663579940795898
0.0,1.5735446140752174e-05
0.0,0.018747087568044662
0.0,2.760514519195567e-07
0.0,0.0029383681248873472
0.0,0.11586367338895798
0.0,0.0025693741627037525
0.0,0.26446962356567383
0.0,0.3637942969799042
0.0,0.020656470209360123
0.0,0.00011559879203559831
0.0,2.2001406705385307e-06
0.0,2.160151779673214e-10
0.0,0.0012683644890785217
0.0,0.0005468646413646638
0.0,3.4756120204093577e-09
0.0,7.969884609337896e-05
0.0,0.06768784672021866
0.0,0.011311156675219536
0.0,0.0002194265543948859
0.0,0.05057302117347717
0.0,0.0644734799861908
0.0,0.013958834111690521
0.0,0.001151688047684729
0.0,0.15666107833385468
0.0,2.0419358861545334e-06
0.0,6.033174031472299e-07
0.0,1.2535464222196424e-08
0.0,0.010627733543515205
0.0,0.006083790212869644
0.0,0.16217435896396637
0.0,7.677116627746727e-06
0.0,0.2189446985721588
0.0,0.00012444813910406083
0.0,0.009788621217012405
0.0,0.3260098099708557
0.0,0.03210269287228584
0.0,1.8401395209366456e-05
0.0,0.08897849172353745
0.0,0.00012973717821296304
0.0,1.684997187112458e-06
0.0,0.3288184404373169
0.0,8.245158369390992e-07
0.0,0.2620500326156616
0.0,0.3018663823604584
0.0,0.03454359620809555
0.0,0.007357017137110233
0.0,0.00395091250538826
0.0,4.736288701678859e-06
0.0,5.813715688418597e-05
0.0,0.3660379648208618
0.0,0.004789210855960846
0.0,0.1442694365978241
0.0,0.06886755675077438
0.0,0.010780081152915955
0.0,0.000954178802203387
0.0,0.0012204215163365006
0.0,0.0004402244230732322
0.0,0.0006319122039712965
0.0,0.014522450976073742
0.0,0.0030512011144310236
0.0,0.657191276550293
0.0,3.998185338360827e-09
0.0,0.005519783589988947
0.0,0.0002991151704918593
0.0,0.8066028952598572
0.0,7.735904546279926e-06
0.0,0.01187947764992714
0.0,0.0010750781511887908
0.0,2.28840799536556e-05
0.0,0.051260750740766525
0.0,0.002161727286875248
0.0,1.5998467688405071e-06
0.0,0.17252008616924286
0.0,0.7041617035865784
0.0,0.001192545867525041
0.0,0.0015455628745257854
0.0,0.003699070308357477
0.0,9.978262824006379e-05
0.0,7.86420569056645e-05
0.0,5.98050564803998e-06
0.0,5.05615886936539e-08
0.0,0.08206541836261749
0.0,1.8185205590270925e-06
0.0,0.00015571144467685372
0.0,0.09952329844236374
0.0,0.8504811525344849
0.0,2.2632777472608723e-05
0.0,6.226061668712646e-05
0.0,0.3166986107826233
0.0,0.1283721625804901
0.0,0.7575871348381042
0.0,0.10477156192064285
0.0,0.005158673506230116
0.0,3.4907791717983527e-13
0.0,0.009311486035585403
0.0,0.7811153531074524
0.0,0.019737709313631058
0.0,0.008873095735907555
0.0,0.7394598722457886
0.0,3.4310569390072487e-06
0.0,0.010226033627986908
0.0,0.24758319556713104
0.0,7.326158993237186e-06
0.0,0.5052396655082703
0.0,2.990726102325425e-07
0.0,0.0011364028323441744
0.0,0.016179470345377922
0.0,0.0035429594572633505
0.0,0.08675625920295715
0.0,0.6089289784431458
0.0,4.3062109433833484e-11
0.0,4.776067271450302e-06
0.0,0.0010635938961058855
0.0,0.55625319480896
0.0,0.060020603239536285
0.0,0.07070919126272202
0.0,0.026148466393351555
0.0,0.023942703381180763
0.0,7.204738358268514e-05
0.0,0.002552992897108197
0.0,0.7954477071762085
0.0,0.021615009754896164
0.0,0.0553085096180439
0.0,0.5170478224754333
0.0,0.002073800889775157
0.0,0.0001905862445710227
0.0,4.919383172818925e-06
0.0,5.913413474445406e-07
0.0,0.000275456317467615
0.0,3.580273187253624e-05
0.0,0.0009562415652908385
0.0,0.8518401384353638
0.0,0.23081247508525848
0.0,0.0019545224495232105
0.0,0.13633392751216888
0.0,0.00041424186201766133
0.0,0.0023307455703616142
0.0,1.993699498825663e-07
0.0,0.006970440037548542
0.0,1.1178759029562002e-09
0.0,6.778921033401275e-07
0.0,0.00022149831056594849
0.0,3.8332349504344165e-05
0.0,0.00735892541706562
0.0,0.024534713476896286
0.0,0.037566788494586945
0.0,0.09970945119857788
0.0,0.022669104859232903
0.0,0.045474305748939514
0.0,0.0001291780936298892
0.0,0.00028781231958419085
0.0,0.035389211028814316
0.0,3.153293073410168e-05
0.0,1.79615290107904e-05
0.0,4.566649295156822e-06
0.0,0.02362774685025215
0.0,0.017749221995472908
0.0,1.3460968375511584e-06
0.0,0.06078013777732849
0.0,0.08679839223623276
0.0,8.701704791747034e-05
0.0,2.7678201149683446e-05
0.0,0.00011023022670997307
0.0,3.296378725536897e-09
0.0,0.01635327748954296
0.0,0.32017776370048523
0.0,0.0241877268999815
0.0,0.015902390703558922
0.0,2.783283343887888e-05
0.0,5.130607405590126e-07
0.0,0.00032046748674474657
0.0,0.005434566643089056
0.0,0.009786181151866913
0.0,0.005946295335888863
0.0,3.217331538962753e-07
0.0,0.004766537342220545
0.0,0.009859291836619377
0.0,0.0006533938576467335
0.0,1.923453964991495e-05
0.0,0.00015977764269337058
0.0,0.0005695068975910544
0.0,9.02982137631625e-05
0.0,2.552884689066559e-05
0.0,9.179096309708257e-07
0.0,0.02825983799993992
0.0,0.00011881039972649887
0.0,0.005876150447875261
0.0,3.655485913967027e-10
0.0,0.005398690700531006
0.0,0.004465087316930294
0.0,8.038533269427717e-05
0.0,0.6705677509307861
0.0,0.0020266154315322638
0.0,1.4066096809983719e-05
0.0,5.917479211348109e-05
0.0,0.003829515539109707
0.0,0.3775526285171509
0.0,1.742995152653748e-07
0.0,0.00041480775689706206
0.0,1.5345234771757532e-07
0.0,0.0011983538279309869
0.0,1.848371944390692e-08
0.0,6.553690764121711e-05
0.0,7.994454790605232e-05
0.0,6.490155897154182e-07
0.0,0.00664551230147481
0.0,0.0015291876625269651
0.0,0.05429168790578842
0.0,0.005849774926900864
0.0,0.00013311959628481418
0.0,5.333521039574407e-05
0.0,0.007084128446877003
0.0,0.14345265924930573
0.0,2.376214602861637e-08
0.0,0.0012940826127305627
0.0,0.009445729665458202
0.0,0.0006158377509564161
0.0,3.6063387831575255e-09
0.0,9.622774577167093e-09
0.0,0.0005341671640053391
0.0,0.004424263723194599
0.0,0.048495516180992126
0.0,5.522588821804675e-07
0.0,0.01307638268917799
0.0,0.00031588229467161
0.0,0.0006018935819156468
0.0,4.231490180472974e-08
0.0,3.857679985230789e-06
0.0,0.0016125744441524148
0.0,0.27559414505958557
0.0,4.926891051582061e-05
0.0,0.8795817494392395
0.0,1.0051351637230255e-05
0.0,0.09644892811775208
0.0,0.00026222356245853007
0.0,5.4999148346723814e-08
0.0,0.0016846441430971026
0.0,0.0022208199370652437
0.0,0.21138258278369904
0.0,0.00029173586517572403
0.0,0.6158359050750732
0.0,1.6065305530332807e-08
0.0,0.009067149832844734
0.0,0.005624656565487385
0.0,0.18127891421318054
0.0,9.17521811061306e-06
0.0,0.02460891753435135
0.0,0.001130527351051569
0.0,3.630590299508185e-07
0.0,0.02450888603925705
0.0,0.0005787789705209434
0.0,0.4065852463245392
0.0,0.00016469598631374538
0.0,0.002795459935441613
0.0,1.266778468789198e-07
0.0,0.751694917678833
0.0,0.01498147752135992
0.0,0.005437792278826237
0.0,0.048651937395334244
0.0,0.009820656850934029
0.0,0.00026996954693458974
0.0,0.004452955909073353
0.0,0.008422235026955605
0.0,0.03939712047576904
0.0,0.7669169306755066
0.0,0.016897913068532944
0.0,0.6737728714942932
0.0,0.24654485285282135
0.0,8.287694981845561e-06
0.0,1.4616532098443713e-05
0.0,2.7417786441219505e-06
0.0,7.634666336631124e-12
0.0,6.874687096569687e-05
0.0,0.005596581846475601
0.0,0.061406418681144714
0.0,0.0005891197943128645
0.0,8.851072925608605e-05
0.0,1.452301034987613e-06
0.0,1.413849872733408e-07
0.0,0.0010192672489210963
0.0,0.4181939959526062
0.0,0.6692248582839966
0.0,0.5877390503883362
0.0,0.0001257730764336884
0.0,0.033230010420084
0.0,0.15062598884105682
0.0,7.692227882216685e-06
0.0,0.006143598351627588
0.0,0.008765037171542645
0.0,0.008672692812979221
0.0,0.0013562332605943084
0.0,8.046428774832748e-06
0.0,0.05916967615485191
0.0,0.009092393331229687
0.0,0.020860964432358742
0.0,0.05273541063070297
0.0,0.013922612182796001
0.0,9.285941473535786e-07
0.0,0.00011228301445953548
0.0,0.0036098065320402384
0.0,0.003374156542122364
0.0,8.199653166229837e-06
0.0,0.053687646985054016
0.0,9.792920900508761e-05
0.0,0.0030232251156121492
0.0,0.01983339712023735
0.0,2.980463520430021e-08
0.0,0.0017715176800265908
0.0,1.2138507372583263e-05
0.0,8.849815458233934e-06
0.0,0.6633492708206177
0.0,0.19152194261550903
0.0,0.00042360927909612656
0.0,0.014828262850642204
0.0,0.0029719409067183733
0.0,0.44945526123046875
0.0,0.08109253644943237
0.0,0.009162823669612408
0.0,0.00132051354739815
0.0,1.2163780411356129e-05
0.0,0.030804989859461784
0.0,0.03337641432881355
0.0,1.1607076885411516e-05
0.0,3.014003624457473e-08
0.0,0.00047190909390337765
0.0,0.049588754773139954
0.0,0.2337082475423813
0.0,0.008520606905221939
0.0,0.059966642409563065
0.0,0.00010600437963148579
0.0,0.02738126367330551
0.0,0.08761406689882278
0.0,1.684576204752375e-06
0.0,0.0004884059308096766
0.0,0.0074050286784768105
0.0,0.0005746585666202009
0.0,3.3005537716235267e-06
0.0,3.9767131966073066e-05
0.0,0.005893384106457233
0.0,1.2512720104496111e-06
0.0,0.15318603813648224
0.0,0.010172062553465366
0.0,0.007766920141875744
0.0,0.09466848522424698
0.0,0.005035826936364174
0.0,1.2066193733062391e-07
0.0,0.008850939571857452
0.0,0.007631643675267696
0.0,0.00021828513126820326
0.0,0.007188685238361359
0.0,0.0572081133723259
0.0,0.0025089143309742212
0.0,0.04973786324262619
0.0,0.12896943092346191
0.0,0.003959038760513067
0.0,3.3381220418959856e-05
0.0,0.028505658730864525
0.0,0.3226276636123657
0.0,0.00039111508522182703
0.0,0.08950625360012054
0.0,0.03168480470776558
0.0,0.23210646212100983
0.0,0.06391951441764832
0.0,0.00013860242324881256
0.0,7.604626262036618e-08
0.0,0.0021644404623657465
0.0,0.00365943624638021
0.0,0.2872832715511322
0.0,3.260955782025121e-05
0.0,0.012310273945331573
0.0,2.2121998677349097e-11
0.0,0.052966367453336716
0.0,0.01741931587457657
0.0,0.000999881187453866
0.0,2.534239456508658e-06
0.0,0.00431310897693038
0.0,0.00015695930051151663
0.0,0.01390085555613041
0.0,0.011154748499393463
0.0,0.04311278462409973
0.0,0.014595698565244675
0.0,3.1381492590298876e-05
0.0,2.4491830117767677e-05
0.0,0.04667169600725174
0.0,1.5405089470732491e-06
0.0,0.008369848132133484
0.0,2.642628658122703e-07
0.0,1.5472037375729997e-06
0.0,0.1662110686302185
0.0,0.015199651010334492
0.0,1.393484154732505e-07
0.0,0.0014769559493288398
0.0,0.00566463079303503
0.0,0.005248367786407471
0.0,0.048615433275699615
0.0,0.2813871204853058
0.0,0.011334419250488281
0.0,5.006173182664497e-07
0.0,0.008824620395898819
0.0,2.9777703858258064e-08
0.0,0.012934491969645023
0.0,7.180432021414163e-06
0.0,0.07375472038984299
0.0,0.000349943817127496
0.0,1.0141004480601623e-07
0.0,3.5036132430832367e-06
0.0,0.06147249788045883
0.0,0.468623548746109
0.0,0.2049068957567215
0.0,0.029447922483086586
0.0,0.0023637760896235704
0.0,0.2839658260345459
0.0,0.18826144933700562
0.0,0.005552878603339195
0.0,0.16378700733184814
0.0,2.1070259492717014e-07
0.0,1.4698588302053395e-06
0.0,1.743844768498093e-05
0.0,0.14776106178760529
0.0,3.345866292359112e-11
0.0,0.002181554678827524
0.0,0.0022109539713710546
0.0,0.052212249487638474
0.0,0.0017929101595655084
0.0,0.019401835277676582
0.0,0.004548913333564997
0.0,0.385359525680542
0.0,1.4849792933091521e-05
0.0,1.069957122901144e-09
0.0,0.004886263515800238
0.0,0.03841652348637581
0.0,1.4745809824925904e-12
0.0,0.00012536882422864437
0.0,1.7557860701344907e-05
0.0,0.017050502821803093
0.0,0.14262886345386505
0.0,5.779603498012875e-07
0.0,2.723957726047388e-09
0.0,2.545660793273896e-09
0.0,0.16907918453216553
0.0,5.965969052112996e-08
0.0,0.0701509490609169
0.0,0.006868697237223387
0.0,6.240303628146648e-05
0.0,0.001331254723481834
0.0,6.80148514220491e-05
0.0,1.6252901957614085e-07
0.0,3.3295516344011844e-10
0.0,0.0007354147965088487
0.0,0.12417706847190857
0.0,0.00047770541277714074
0.0,0.0005707648815587163
0.0,4.9314177630321865e-08
0.0,7.145806790731513e-08
0.0,1.9099800852018234e-07
0.0,6.762984412489459e-07
0.0,0.027962911874055862
0.0,0.02671697549521923
0.0,3.329699183041157e-09
0.0,0.1470479816198349
0.0,0.00025431514950469136
0.0,0.023450609296560287
0.0,0.005523310974240303
0.0,0.03435102477669716
0.0,0.16920946538448334
0.0,4.085938144271495e-06
0.0,0.058449920266866684
0.0,0.04605688154697418
0.0,0.005937372799962759
0.0,0.00032009833375923336
0.0,0.006671816110610962
0.0,1.717995291983243e-05
0.0,1.3347730906665412e-11
0.0,0.005045249126851559
0.0,1.5853951254030108e-06
0.0,1.3996728739584796e-05
0.0,0.0003281237732153386
0.0,0.05658046528697014
0.0,0.06779464334249496
0.0,4.2362513340776786e-05
0.0,0.006175023037940264
0.0,0.14398865401744843
0.0,0.1835872083902359
0.0,0.08336900174617767
0.0,0.0001046269535436295
0.0,1.8620732589624822e-05
0.0,4.665750566346105e-06
0.0,0.052796393632888794
0.0,0.7157214879989624
0.0,0.1830606907606125
0.0,0.2894512414932251
0.0,0.002585543319582939
0.0,0.07562948018312454
0.0,0.06840461492538452
0.0,0.01438817661255598
0.0,0.052554916590452194
0.0,1.2984515684877351e-09
0.0,0.006767394952476025
0.0,1.4520431250275578e-05
0.0,0.0003263657563365996
0.0,0.0009625371894799173
0.0,0.03772483021020889
0.0,3.951185499317944e-05
0.0,2.1969113731756806e-05
0.0,0.0003857133851852268
0.0,5.459146268549375e-05
0.0,3.562858182704076e-05
0.0,0.0828336849808693
0.0,2.496979902844032e-07
0.0,0.00014676635328214616
0.0,0.04497682303190231
0.0,0.00011101979907834902
0.0,9.187544492306188e-05
0.0,8.722802817828779e-07
0.0,0.5745488405227661
0.0,1.6005951692932285e-05
0.0,0.002425834769383073
0.0,0.037420425564050674
0.0,3.1373714591609314e-05
0.0,2.536482490711478e-08
0.0,1.123538731917506e-05
0.0,3.702494041135651e-06
0.0,0.0004625447327271104
0.0,2.674490588105982e-06
0.0,0.18423981964588165
0.0,0.017297152429819107
0.0,1.384183360642055e-05
0.0,3.7375693864305504e-06
0.0,0.0017088978784158826
0.0,0.02158830314874649
0.0,0.008180358447134495
0.0,1.5982258219082723e-06
0.0,0.00045546935871243477
0.0,6.580009870305048e-09
0.0,0.00013379380106925964
0.0,5.524301016635036e-10
0.0,3.096232467214577e-05
0.0,0.0009831510251387954
0.0,1.1102141797891818e-05
0.0,6.970021058805287e-05
0.0,2.539239176257979e-05
0.0,0.13091008365154266
0.0,0.004996060393750668
0.0,0.0002682418271433562
0.0,6.888993812026456e-05
0.0,2.525739617453837e-09
0.0,0.006501484662294388
0.0,2.0031262465636246e-05
0.0,3.7005172544013476e-06
0.0,8.957395766628906e-05
0.0,0.001650798018090427
0.0,7.018506220646259e-09
0.0,0.0005055078654550016
0.0,2.267616316942167e-08
0.0,0.22160567343235016
0.0,0.005134372040629387
0.0,0.00019677032832987607
0.0,0.009233575314283371
0.0,0.00017977430252358317
0.0,1.3002948435314465e-05
0.0,0.0012590278638526797
0.0,0.09093182533979416
0.0,0.40027523040771484
0.0,4.453533256310038e-05
0.0,0.0018348677549511194
0.0,0.052253566682338715
0.0,0.000483454205095768
0.0,0.0012837339891120791
0.0,0.008507364429533482
0.0,0.09741439670324326
0.0,0.00857999175786972
0.0,2.126904746546643e-06
0.0,0.5915461182594299
0.0,0.09817231446504593
0.0,0.9074491858482361
0.0,0.09006793797016144
0.0,6.2188232732296456e-06
0.0,0.0008915717480704188
0.0,0.0007953259046189487
0.0,0.06054602190852165
0.0,0.014061855152249336
0.0,0.05593912675976753
0.0,0.051483575254678726
0.0,4.622197593562305e-05
0.0,0.00011630687367869541
0.0,0.0011067804880440235
0.0,0.4723930358886719
0.0,7.588288326587644e-07
0.0,0.00017457845387980342
0.0,0.00047329903463833034
0.0,0.6101833581924438
0.0,0.006602040957659483
0.0,0.1900513470172882
0.0,2.5388345939458823e-12
0.0,0.020328674465417862
0.0,0.11533772945404053
0.0,0.01592993550002575
0.0,0.10051728039979935
0.0,4.170783722656779e-05
0.0,0.004580914508551359
0.0,0.36403921246528625
0.0,0.22193582355976105
0.0,0.13719134032726288
0.0,0.010626811534166336
0.0,6.532480938403751e-07
0.0,0.02102825976908207
0.0,0.0002808156714309007
0.0,0.012246782891452312
0.0,0.03937080502510071
0.0,0.031716104596853256
0.0,2.2447779883805197e-06
0.0,0.006611799821257591
0.0,0.0012956433929502964
0.0,0.0023881939705461264
0.0,2.7659250445566386e-09
0.0,0.00011733683641068637
0.0,0.00014564006414730102
0.0,1.2298139608901693e-06
0.0,0.09481345862150192
0.0,0.00020265145576559007
0.0,0.0004184925346635282
0.0,7.673742948099971e-05
0.0,0.0006149790715426207
0.0,0.0003116783918812871
0.0,0.010174314491450787
0.0,0.006963442545384169
0.0,1.6967993587968522e-06
0.0,0.14435678720474243
0.0,0.00020201229199301451
0.0,0.3789674937725067
0.0,0.41798949241638184
0.0,4.1718028143122865e-08
0.0,0.002861396409571171
0.0,0.3327023684978485
0.0,0.022609634324908257
0.0,5.303156649461016e-05
0.0,0.13937340676784515
0.0,0.00048825069097802043
0.0,4.1647424950497225e-05
0.0,0.01018407754600048
0.0,1.6165664362688403e-08
0.0,0.0002009261806961149
0.0,0.15973132848739624
0.0,0.007633666042238474
0.0,0.033752962946891785
0.0,7.377902511507273e-05
0.0,0.0017296506557613611
0.0,0.007417253218591213
0.0,0.00013351035886444151
0.0,6.308489537332207e-05
0.0,0.008009371347725391
0.0,0.017398817464709282
0.0,0.026202578097581863
0.0,0.09029050916433334
0.0,0.027706848457455635
0.0,0.0010854912688955665
0.0,0.1303633600473404
0.0,0.8831916451454163
0.0,0.15420034527778625
0.0,1.0940116226265673e-05
0.0,2.961891732411459e-05
0.0,0.45894119143486023
0.0,3.5925753763876855e-05
0.0,0.1522493213415146
0.0,7.589346373571004e-10
0.0,0.00028037934680469334
0.0,0.023476313799619675
0.0,0.0017801836365833879
0.0,0.0029701893217861652
0.0,0.013756700791418552
0.0,0.003082985756918788
0.0,8.783137309364974e-05
0.0,9.886052430374548e-05
0.0,8.159603548385519e-11
0.0,0.0006923044566065073
0.0,0.0022531847935169935
0.0,0.013969155959784985
0.0,0.019081568345427513
0.0,2.229394522146322e-05
0.0,0.00611543282866478
0.0,5.792350066258223e-07
0.0,3.4962857853315654e-07
0.0,0.0257741566747427
0.0,1.1868824003613554e-06
0.0,1.0669888069969602e-05
0.0,0.00027510200743563473
0.0,0.001490293419919908
0.0,0.0008674006094224751
0.0,0.0004023670917376876
0.0,0.025918779894709587
0.0,0.023702064529061317
0.0,0.33576810359954834
0.0,0.008231067098677158
0.0,1.486569548014849e-11
0.0,6.129377288743854e-05
0.0,0.22388726472854614
0.0,0.007173888850957155
0.0,0.050143126398324966
0.0,0.2265036553144455
0.0,0.01576494239270687
0.0,0.00048806853010319173
0.0,0.009918698109686375
0.0,0.0019472666317597032
0.0,0.0005975010572001338
0.0,3.021272823389154e-05
0.0,0.0002429139567539096
0.0,0.09078249335289001
0.0,0.0008183491881936789
0.0,0.019571630284190178
0.0,0.30850929021835327
0.0,0.0025340698193758726
0.0,0.024594010785222054
0.0,0.00022155533952172846
0.0,3.761950938496739e-05
0.0,0.0033459090627729893
0.0,0.0044733635149896145
0.0,0.00010104578541358933
0.0,0.2096375972032547
0.0,0.0008701091283001006
0.0,0.04605580121278763
0.0,0.03002716600894928
0.0,0.03396613150835037
0.0,0.0002714624279178679
0.0,0.050612304359674454
0.0,0.028841722756624222
0.0,0.002702567959204316
0.0,0.00839594192802906
0.0,1.7349744751982143e-08
0.0,3.5287660011817934e-06
0.0,4.1190432966686785e-05
0.0,5.318198503800886e-08
0.0,0.3197006285190582
0.0,0.00011646224447758868
0.0,3.6819522986064612e-09
0.0,0.01913004368543625
0.0,7.522582018282264e-05
0.0,0.01850070431828499
0.0,0.3919082581996918
0.0,4.5128956116968766e-05
0.0,5.554637638738313e-09
0.0,6.0126607422716916e-05
0.0,0.0004003926878795028
0.0,0.00043882985482923687
0.0,7.866339615247853e-07
0.0,0.000169247854501009
0.0,3.1861076422501355e-05
0.0,0.0006232243613339961
0.0,3.364145231898874e-05
0.0,0.610552966594696
0.0,9.147155651589856e-06
0.0,0.705492377281189
0.0,4.400624504796724e-07
0.0,0.2621479332447052
0.0,0.20292527973651886
0.0,0.00012993761629331857
0.0,3.1454572308575734e-05
0.0,6.413124538084958e-07
0.0,5.80990422438532e-10
0.0,6.296152577078828e-08
0.0,0.0018414530204609036
0.0,0.00021223090880084783
0.0,0.0004267768235877156
0.0,6.230820872588083e-06
0.0,0.017275532707571983
0.0,3.923591673782312e-09
0.0,0.001089327852241695
0.0,3.9706916140858084e-05
0.0,0.00022454072313848883
0.0,0.016210444271564484
0.0,0.0009048424544744194
0.0,1.5392255363622098e-06
0.0,0.6634275913238525
0.0,0.018123235553503036
0.0,0.0009704309049993753
0.0,0.003943902440369129
0.0,0.002340605715289712
0.0,0.0015823014546185732
0.0,9.639973796993218e-08
0.0,0.6045276522636414
0.0,1.2042045962820658e-12
0.0,0.6985281705856323
0.0,0.0007229000912047923
0.0,6.911489549565886e-07
0.0,0.0003114146529696882
0.0,0.03295048326253891
0.0,5.1728250127780484e-08
0.0,0.023835478350520134
0.0,2.781403736662469e-06
0.0,3.0804771995462943e-06
0.0,0.025808243080973625
0.0,2.7780867883908655e-12
0.0,1.3965002665372594e-07
0.0,0.00727255130186677
0.0,0.00010892443242482841
0.0,0.03487863764166832
0.0,0.6194875836372375
0.0,0.023060090839862823
0.0,0.01981918141245842
0.0,6.105618614860031e-12
0.0,0.06029496714472771
0.0,0.0002563762536738068
0.0,0.0004881255445070565
0.0,0.014545281417667866
0.0,2.6669615635910304e-06
0.0,0.0269445963203907
0.0,0.5631051063537598
0.0,0.0015461236471310258
0.0,9.969683742383495e-05
0.0,4.147390342268409e-08
0.0,0.0024321528617292643
0.0,1.5464358682493184e-08
0.0,0.09698566794395447
0.0,0.09723067283630371
0.0,4.0219091945736807e-10
0.0,3.0162705666469947e-11
0.0,7.70920305370737e-09
0.0,0.004201040603220463
0.0,0.010711872950196266
0.0,0.00015511350648012012
0.0,1.55888884023625e-08
0.0,1.9158173714117765e-08
0.0,0.013912671245634556
0.0,0.006405135150998831
0.0,0.09472712874412537
0.0,0.04876374453306198
0.0,1.0873432074731681e-05
0.0,0.0024549714289605618
0.0,0.005574606824666262
0.0,0.004263605922460556
0.0,0.0356314480304718
0.0,0.19112995266914368
0.0,0.3077601194381714
0.0,0.01668069139122963
0.0,0.6763432025909424
0.0,0.00024410639889538288
0.0,0.03519158810377121
0.0,1.0794297899963112e-08
0.0,0.3683699369430542
0.0,8.019974302442279e-06
0.0,0.00040845159674063325
0.0,0.087422214448452
0.0,1.1713098047039239e-06
0.0,0.028135014697909355
0.0,0.0023181303404271603
0.0,0.03388167917728424
0.0,0.15464678406715393
0.0,0.0039005246944725513
0.0,0.00495041161775589
0.0,0.006243252661079168
0.0,3.5303455661050975e-05
0.0,0.4338966906070709
0.0,4.076854338563862e-07
0.0,0.011763343587517738
0.0,0.3322255611419678
0.0,0.37601611018180847
0.0,0.054857488721609116
0.0,8.140467252815142e-05
0.0,3.0184707511260456e-10
0.0,0.00015829231415409595
0.0,0.01509946584701538
0.0,0.0006651328294537961
0.0,0.02535618655383587
0.0,0.0945015549659729
0.0,0.0036399951204657555
0.0,0.05766809731721878
0.0,0.000674676732160151
0.0,1.3363830007884214e-11
0.0,0.15999199450016022
0.0,0.0003170780255459249
0.0,4.454709934265111e-10
0.0,0.26786813139915466
0.0,0.01586603932082653
0.0,8.049541065702215e-05
0.0,0.012207108549773693
0.0,7.348307917709462e-07
0.0,2.6256418550474336e-07
0.0,0.0003150600241497159
0.0,0.00012255625915713608
0.0,0.023287910968065262
0.0,0.3372398316860199
0.0,3.6249570012358845e-10
0.0,0.00016408685769420117
0.0,0.009576810523867607
0.0,0.0008841407834552228
0.0,3.853731323033571e-05
0.0,0.6380784511566162
0.0,0.24214276671409607
0.0,0.07237795740365982
0.0,0.006315812934190035
0.0,0.00037256095674820244
0.0,0.1785193830728531
0.0,0.010798443108797073
0.0,0.0019454335561022162
0.0,0.0650135725736618
0.0,1.0701168093874003e-06
0.0,3.7289569831955305e-07
0.0,3.699682929436676e-05
0.0,0.022879818454384804
0.0,0.0012665439862757921
0.0,0.0013600748497992754
0.0,6.176087481435388e-05
0.0,0.031853046268224716
0.0,0.0003996786253992468
0.0,0.00016237881209235638
0.0,0.06717279553413391
0.0,0.0005733449943363667
0.0,0.00021750025916844606
0.0,1.1268116395513061e-06
0.0,0.022679196670651436
0.0,2.2970681357037392e-07
0.0,5.829674137203256e-06
0.0,0.0009771785698831081
0.0,0.0004694483650382608
0.0,0.011247104965150356
0.0,0.026227300986647606
0.0,0.033838771283626556
0.0,0.342316210269928
0.0,0.21392956376075745
0.0,0.0017331409035250545
0.0,0.007809342350810766
0.0,0.0001010690102702938
0.0,0.10525237768888474
0.0,1.5006919056759216e-05
0.0,0.00036121640005148947
0.0,0.09617066383361816
0.0,0.00032448937417939305
0.0,0.03178628161549568
0.0,7.056561298668385e-05
0.0,0.03851646929979324
0.0,0.003082790644839406
0.0,0.09985872358083725
0.0,0.19068004190921783
0.0,3.8713751564500853e-05
0.0,0.016468839719891548
0.0,0.006393947172909975
0.0,0.61049485206604
0.0,3.86956662623561e-06
0.0,3.1626822760699724e-07
0.0,0.00015108255320228636
0.0,5.3147556172916666e-05
0.0,5.368235179048497e-06
0.0,3.5722269326604605e-12
0.0,6.302626570686698e-05
0.0,0.22174745798110962
0.0,0.02190294861793518
0.0,1.2685487718044897e-06
0.0,1.2743950719595887e-05
0.0,0.0006740459357388318
0.0,0.001638259389437735
0.0,1.4402942724700551e-05
0.0,0.015981018543243408
0.0,0.005753376986831427
0.0,0.05572857707738876
0.0,0.00014500915131065995
0.0,0.05089234933257103
0.0,0.05055876448750496
0.0,0.00011832683958346024
0.0,0.00013746757758781314
0.0,0.00020562003192026168
0.0,0.28491848707199097
0.0,0.0005840748199261725
0.0,1.265337118638854e-06
0.0,0.022409912198781967
0.0,0.0021883649751544
0.0,0.002358961384743452
0.0,0.0017434151377528906
0.0,0.3147636353969574
0.0,0.007816694676876068
0.0,2.0315546862548217e-05
0.0,0.00028717287932522595
0.0,0.026943989098072052
0.0,0.045483555644750595
0.0,2.489015787432436e-05
0.0,0.00022129587887320668
0.0,0.030023159459233284
0.0,8.254432941612322e-06
0.0,3.539089465931511e-09
0.0,0.0025912823621183634
0.0,0.00911281444132328
0.0,0.000587303948123008
0.0,0.0006290166056714952
0.0,0.0011423832038417459
0.0,0.37777164578437805
0.0,0.0005887327715754509
0.0,0.0015508278738707304
0.0,3.002058838319499e-05
0.0,0.0005017342627979815
0.0,4.091202099321123e-10
0.0,3.618676877787698e-14
0.0,0.0046348124742507935
0.0,1.432277167623397e-05
0.0,0.017390219494700432
0.0,1.2694244105659891e-05
0.0,2.0189840910234125e-08
0.0,0.00017855045734904706
0.0,0.000264134316239506
0.0,0.0004548764554783702
0.0,0.00038921815576031804
0.0,0.048520300537347794
0.0,0.010492595843970776
0.0,0.03114239126443863
0.0,0.0031407885253429413
0.0,0.012675938196480274
0.0,0.12975531816482544
0.0,0.012253319844603539
0.0,0.0019905411172658205
0.0,0.00014760055637452751
0.0,0.5534741282463074
0.0,0.060726504772901535
0.0,0.10627812147140503
0.0,0.001133666723035276
0.0,0.0003879083669744432
0.0,0.1595974564552307
0.0,0.04658014327287674
0.0,0.0034241857938468456
0.0,0.0014941556146368384
0.0,4.903504802200587e-08
0.0,0.011877769604325294
0.0,0.0013989727012813091
0.0,0.0007414440042339265
0.0,3.54241237801034e-05
0.0,0.0002783473755698651
0.0,0.041244495660066605
0.0,0.02547619119286537
0.0,0.0004153310146648437
0.0,5.4567415645578876e-05
0.0,0.022344881668686867
0.0,0.031059037894010544
0.0,6.820645648986101e-05
0.0,0.017651110887527466
0.0,7.35442663426511e-05
0.0,0.00038492915336973965
0.0,0.983371913433075
0.0,0.005340253934264183
0.0,0.007590131834149361
0.0,1.3454998226691828e-09
0.0,0.001009230618365109
0.0,1.0040318576542973e-09
0.0,3.9845113519731967e-07
0.0,6.061642125132494e-05
0.0,0.00019087739929091185
0.0,0.004561568610370159
0.0,0.11007069051265717
0.0,7.550467853434384e-05
0.0,8.085429726634175e-05
0.0,0.2406741827726364
0.0,0.002676711417734623
0.0,0.00013197601947467774
0.0,5.375458385969978e-06
0.0,0.6802162528038025
0.0,0.0015627287793904543
0.0,5.2716884965775535e-05
0.0,6.32588523785671e-08
0.0,2.142826194262426e-10
0.0,0.00022483356588054448
0.0,0.16962791979312897
0.0,0.08475163578987122
0.0,2.4085491645564616e-07
0.0,5.762856380897574e-05
0.0,0.0721137523651123
0.0,0.003931375686079264
0.0,4.6662513341289014e-05
0.0,1.3869527720089536e-05
0.0,0.0013498648768290877
0.0,0.09775149822235107
0.0,0.006201762240380049
0.0,0.3222067654132843
0.0,1.214187614095863e-05
0.0,1.058706677881105e-09
0.0,1.6630792742944323e-06
0.0,1.6922351278481074e-05
0.0,0.004898651037365198
0.0,0.0019717172253876925
0.0,0.00011155752144986764
0.0,0.00457229046151042
0.0,4.4165812141727656e-05
0.0,0.00032597893732599914
0.0,3.82451580662746e-05
0.0,0.00041162516572512686
0.0,0.0002908873721025884
0.0,0.011572245508432388
0.0,0.011880921199917793
0.0,2.0729053176182788e-06
0.0,0.1614466905593872
0.0,0.008289794437587261
0.0,6.819577151873091e-07
0.0,0.0004195624787826091
0.0,0.00012711985618807375
0.0,0.11983460187911987
0.0,0.0016087766271084547
0.0,0.012595548294484615
0.0,8.989369604250896e-08
0.0,3.73550886403895e-12
0.0,0.00047542949323542416
0.0,0.6033176183700562
0.0,0.0011284771608188748
0.0,0.00023028155555948615
0.0,0.0017351724673062563
0.0,0.026615126058459282
0.0,2.53853686444927e-05
0.0,8.906542461772915e-06
0.0,9.424705460503446e-10
0.0,0.09302742034196854
0.0,0.001817719079554081
0.0,0.0004674278316088021
0.0,5.464985406433698e-06
0.0,0.00014389827265404165
0.0,5.94051307416521e-05
0.0,0.044173214584589005
0.0,0.017238423228263855
0.0,0.045850981026887894
0.0,0.005208720453083515
0.0,0.0002356295590288937
0.0,0.008263770490884781
0.0,4.252153473771614e-08
0.0,0.09943188726902008
0.0,0.10384488105773926
0.0,0.0338921993970871
0.0,5.963802323094569e-05
0.0,8.416946002398618e-06
0.0,0.0018148110248148441
0.0,0.03347743675112724
0.0,0.0004956838092766702
0.0,0.004273425322026014
0.0,0.004695879761129618
0.0,0.0443335697054863
0.0,0.006965936161577702
0.0,0.13116715848445892
0.0,0.12115652114152908
0.0,0.10638639330863953
0.0,2.8925796868861653e-08
0.0,0.00013624482380691916
0.0,0.004911382216960192
0.0,1.978739616603775e-09
0.0,2.6759311433366406e-10
0.0,6.413332442889441e-08
0.0,0.1357414871454239
0.0,0.0028484994545578957
0.0,0.008360221050679684
0.0,0.17310476303100586
0.0,1.7257815443372237e-06
0.0,0.0031622161623090506
0.0,0.000109602086013183
0.0,0.005864543374627829
0.0,0.006320399232208729
0.0,1.907948501411738e-07
0.0,0.0004570653254631907
0.0,0.06576988846063614
0.0,3.841948000626871e-06
0.0,0.10421345382928848
0.0,0.37899312376976013
0.0,0.00010566679702606052
0.0,1.3962173397885635e-05
0.0,3.5038428336520155e-07
0.0,0.000559360021725297
0.0,0.0013332435628399253
0.0,0.08653417229652405
0.0,4.542489114101045e-05
0.0,5.60915714231669e-06
0.0,0.002062337240204215
0.0,0.045083627104759216
0.0,0.8412001729011536
0.0,0.0005597015842795372
0.0,4.4089922823786765e-08
0.0,0.4635781943798065
0.0,8.91926617896388e-07
0.0,5.8560704928822815e-05
0.0,0.0002970341010950506
0.0,0.29761505126953125
0.0,8.898987857719476e-08
0.0,0.1603565663099289
0.0,0.004225058481097221
0.0,0.0022220639511942863
0.0,0.00017598368867766112
0.0,0.2240716516971588
0.0,0.24579501152038574
0.0,0.006356233265250921
0.0,0.002073379699140787
0.0,0.005892526358366013
0.0,6.031034445186378e-07
0.0,1.144512316386681e-05
0.0,9.212346049025655e-05
0.0,0.0034166621044278145
0.0,0.00032438637572340667
0.0,2.27398739838236e-08
0.0,0.003721031593158841
0.0,1.562183001624362e-06
0.0,0.02493400312960148
0.0,0.003775682533159852
0.0,0.005979352165013552
0.0,0.02506495639681816
0.0,0.004209479317069054
0.0,0.060509029775857925
0.0,0.028724240139126778
0.0,0.03009476140141487
0.0,7.421865433343555e-08
0.0,0.03194676712155342
0.0,0.8872864246368408
0.0,0.13378311693668365
0.0,0.020353849977254868
0.0,0.15155579149723053
0.0,1.630236744210034e-12
0.0,0.3945102095603943
0.0,0.008144276216626167
0.0,0.0008299691253341734
0.0,0.00028647418366745114
0.0,1.9793851002702922e-09
0.0,2.097344662388423e-07
0.0,0.023798145353794098
0.0,1.9277806018180854e-09
0.0,0.05505305901169777
0.0,0.00011048057058360428
0.0,0.4840003550052643
0.0,0.15432338416576385
0.0,1.071912905104e-07
0.0,0.0010902424110099673
0.0,0.0064444346353411674
0.0,0.001296097645536065
0.0,4.756715497933328e-05
0.0,7.394085628220637e-07
0.0,0.0007475187885574996
0.0,0.002972672926262021
0.0,7.028275285847485e-05
0.0,0.0003018170245923102
0.0,4.4648582053774533e-10
0.0,1.5017384612292517e-05
0.0,0.0003644864773377776
0.0,4.3611675209831446e-05
0.0,0.0011182400630787015
0.0,1.0121435707333148e-06
0.0,0.1233673095703125
0.0,3.6896212805004325e-06
0.0,0.03896095231175423
0.0,0.03280302882194519
0.0,4.6788949248366407e-07
0.0,2.139310527127236e-05
0.0,4.552936661639251e-05
0.0,0.0022213568445295095
0.0,0.5855920314788818
0.0,0.04327629506587982
0.0,8.840950613375753e-05
0.0,3.483940080872827e-10
0.0,0.0021706819534301758
0.0,0.00013495222083292902
0.0,0.009557227604091167
0.0,1.2217969015182462e-05
0.0,0.14524389803409576
0.0,0.029440462589263916
0.0,0.004790199920535088
0.0,4.260507193976082e-05
0.0,0.00017297880549449474
0.0,0.004576100967824459
0.0,0.0006576990708708763
0.0,0.09758634120225906
0.0,5.795604010927491e-05
0.0,7.98145094904612e-07
0.0,0.08143085986375809
0.0,0.04787950590252876
0.0,0.00674712099134922
0.0,0.0028884366620332003
0.0,0.05261499434709549
0.0,0.003911420702934265
0.0,0.00011990530038019642
0.0,0.00011694833665387705
0.0,4.791958190253354e-07
0.0,0.0012944161426275969
0.0,0.27865201234817505
0.0,0.00994866993278265
0.0,0.001880838186480105
0.0,0.41599875688552856
0.0,3.8139006619530846e-07
0.0,0.2483280748128891
0.0,0.004319449421018362
0.0,0.11828967928886414
0.0,0.003116793232038617
0.0,0.05711393058300018
0.0,0.00030943326419219375
0.0,0.0009410703205503523
0.0,0.012229755520820618
0.0,0.016766298562288284
0.0,1.3518084221453286e-11
0.0,0.01771395094692707
0.0,0.034774087369441986
0.0,0.07431324571371078
0.0,0.12216022610664368
0.0,3.542938657119521e-06
0.0,0.09594372659921646
0.0,0.0626990795135498
0.0,0.00016089185373857617
0.0,6.429597192436631e-07
0.0,0.028801487758755684
0.0,0.002310318173840642
0.0,0.014752457849681377
0.0,0.0024459788110107183
0.0,0.002577448496595025
0.0,0.0024835828226059675
0.0,0.41631603240966797
0.0,0.3821179270744324
0.0,2.838806096860935e-07
0.0,0.002854878781363368
0.0,0.0021090523805469275
0.0,0.0017034464981406927
0.0,0.023831628262996674
0.0,0.00013371089880820364
0.0,5.147622687218245e-06
0.0,0.01905905455350876
0.0,0.01592358946800232
0.0,6.719314569636481e-06
0.0,0.00027125520864501595
0.0,0.2364671528339386
0.0,0.11914848536252975
0.0,0.03355392813682556
0.0,0.001732167787849903
0.0,2.9246240845770544e-11
0.0,0.08991716802120209
0.0,9.910310473060235e-05
0.0,0.944340705871582
0.0,0.00015121832257136703
0.0,0.0036231691483408213
0.0,0.0015039910795167089
0.0,0.08261537551879883
0.0,0.008224028162658215
0.0,0.2584673762321472
0.0,2.3182059294413193e-07
0.0,8.219157052735682e-07
0.0,0.0005774878663942218
0.0,0.036585960537195206
0.0,2.3116390366340056e-06
0.0,0.00033971527591347694
0.0,0.03146835044026375
0.0,1.049614729708992e-05
0.0,1.6073547158157453e-05
0.0,0.00045462028356269
0.0,0.00034572387812659144
0.0,0.015526809729635715
0.0,5.824706022394821e-06
0.0,0.00043791384086944163
0.0,0.00024057335394900292
0.0,0.002900750143453479
0.0,0.0424325056374073
0.0,0.600168764591217
0.0,1.4341798078021384e-06
0.0,0.07239377498626709
0.0,0.019157012924551964
0.0,5.972321105218725e-06
0.0,0.0002429799787933007
0.0,1.5310212120311917e-06
0.0,1.504773445049068e-05
0.0,0.0004759801959153265
0.0,0.08949651569128036
0.0,0.003935857675969601
0.0,0.013129559345543385
0.0,0.0379476435482502
0.0,5.599824817181798e-06
